kind,rowid,owner,mid,date_ts,text,permalink,has_media,map_conf
post,44,rubpak54,293,1747404229,"–í–∏—Å–ª–æ–≤–ª—é—î–º–æ —â–∏—Ä—É –ø–æ–¥—è–∫—É –≤—Å—ñ–º, —Ö—Ç–æ –¥–æ–ª—É—á–∏–≤—Å—è –¥–æ –∑–±–æ—Ä—ñ–≤. –ó–∞–≤–¥—è–∫–∏ –≤–∞—à—ñ–π –ø—ñ–¥—Ç—Ä–∏–º—Ü—ñ –±—É–ª–æ –ø—Ä–∏–¥–±–∞–Ω–æ –±–æ–ª–æ—Ç–Ω—É –≥—É–º—É, —Å–∏—Å—Ç–µ–º—É Starlink, –∫–æ–Ω–¥–∏—Ü—ñ–æ–Ω–µ—Ä –¥–ª—è –æ—Ö–æ–ª–æ–¥–∂–µ–Ω–Ω—è —Ç–µ—Ö–Ω—ñ–∫–∏ –≤ —É–º–æ–≤–∞—Ö –≤–∏—Å–æ–∫–∏—Ö —Ç–µ–º–ø–µ—Ä–∞—Ç—É—Ä, –∑–∞–ø—á–∞—Å—Ç–∏–Ω–∏ –¥–ª—è –∞–≤—Ç–æ–º–æ–±—ñ–ª—ñ–≤, –∞–Ω—Ç–µ–Ω—É –¥–ª—è –ø—ñ–¥—Å–∏–ª–µ–Ω–Ω—è —Å–∏–≥–Ω–∞–ª—É –¥—Ä–æ–Ω—ñ–≤ Mavic (Avenge), –∞ —Ç–∞–∫–æ–∂ –∞–≤—Ç–æ–º–æ–±—ñ–ª—å Renault Master.
–í–∞—à–∞ –¥–æ–ø–æ–º–æ–≥–∞ ‚Äî –≤–∞–≥–æ–º–∏–π –≤–Ω–µ—Å–æ–∫ —É —Å–ø—ñ–ª—å–Ω—É —Å–ø—Ä–∞–≤—É.
–ú–∏ —Ñ–æ–∫—É—Å—É—î–º–æ—Å—å –ª–∏—à–µ –Ω–∞ –∑–Ω–∏—â–µ–Ω–Ω—ñ –≤–æ—Ä–æ–≥–∞. –î–æ–ø–æ–º–æ–≥—Ç–∏ –Ω–∞–º —É –±–æ—Ä–æ—Ç—å–±—ñ
üí≥
–ù–æ–º–µ—Ä –∫–∞—Ä—Ç–∫–∏ –±–∞–Ω–∫–∏
4441 1111 2164 4169
üîó
–ü–æ—Å–∏–ª–∞–Ω–Ω—è –Ω–∞ –±–∞–Ω–∫—É —Ç–∞ –Ω–æ–º–µ—Ä –∫–∞—Ä—Ç–∫–∏:
https://linktr.ee/54rubpak
PayPal: rubpak54ombr@gmail.com",https://t.me/rubpak54/293,1,
post,51,rubpak54,266,1743581242,"–î—è–∫—É—î–º–æ –≤—Å—ñ–º, —Ö—Ç–æ –¥–æ–Ω–∞—Ç–∏–≤! –ó–∞–≤–¥—è–∫–∏ –≤–∞—à–∏–º –≤–Ω–µ—Å–∫–∞–º –º–∏ –∑–º–æ–≥–ª–∏ –ø—Ä–∏–¥–±–∞—Ç–∏ –∑–∞–ø—á–∞—Å—Ç–∏–Ω–∏ –¥–ª—è —Ä–µ–º–æ–Ω—Ç—É –∞–≤—Ç–æ–º–æ–±—ñ–ª—ñ–≤, Mavic 3 Pro, –∞ —Ç–∞–∫–æ–∂ –≥—Ä—è–∑—å–æ–≤—É –≥—É–º—É –¥–ª—è –≤–∏–≤–µ–∑–µ–Ω–Ω—è —Ä–æ–∑–≤—ñ–¥–≥—Ä—É–ø. –í–∞—à–∞ –ø—ñ–¥—Ç—Ä–∏–º–∫–∞ ‚Äî —Ü–µ –Ω–∞—à–∞ —Å–∏–ª–∞!
–ú–∏ —Ñ–æ–∫—É—Å—É—î–º–æ—Å—å –ª–∏—à–µ –Ω–∞ –∑–Ω–∏—â–µ–Ω–Ω—ñ –≤–æ—Ä–æ–≥–∞. –î–æ–ø–æ–º–æ–≥—Ç–∏ –Ω–∞–º —É –±–æ—Ä–æ—Ç—å–±—ñ
üí≥
–ù–æ–º–µ—Ä –∫–∞—Ä—Ç–∫–∏ –±–∞–Ω–∫–∏
4441 1111 2164 4169
üîó
–ü–æ—Å–∏–ª–∞–Ω–Ω—è –Ω–∞ –±–∞–Ω–∫—É —Ç–∞ –Ω–æ–º–µ—Ä –∫–∞—Ä—Ç–∫–∏:
https://linktr.ee/54rubpak
PayPal: rubpak54ombr@gmail.com",https://t.me/rubpak54/266,1,
post,2,rubpak54,332,,"–¢—Ä–æ—Ö–∏ –≥—É–º–æ—Ä—É
ü´°
–ü—ñ–¥—Ç—Ä–∏–º–∞–π –Ω–∞ –ª—ñ—Ç–∞–∫ –î–∞—Ä—Ç—Å !!!
üí≥
–ù–æ–º–µ—Ä –∫–∞—Ä—Ç–∫–∏ –±–∞–Ω–∫–∏
4441111124473095
https://www.kara.army/donate
PayPal: rubpak54ombr@gmail.com",https://t.me/rubpak54/332,1,
post,6,rubpak54,336,,"–ú–∏ –∑–±–∏—Ä–∞—î–º–æ –Ω–∞ FPV –∑ –æ–ø—Ç–æ–≤–æ–ª–æ–∫–Ω–æ–º, —â–æ–± —Ä—è—Ç—É–≤–∞—Ç–∏ –∂–∏—Ç—Ç—è —ñ –±–∏—Ç–∏ —Ç–æ—á–Ω–æ.
üí≥
–ù–æ–º–µ—Ä –∫–∞—Ä—Ç–∫–∏ –±–∞–Ω–∫–∏
4441111124473095
https://www.kara.army/donate
PayPal: rubpak54ombr@gmail.com
–î—è–∫—É—î–º–æ –∑–∞ –ø—ñ–¥—Ç—Ä–∏–º–∫—É, –¥–æ–≤—ñ—Ä—É —ñ —Ç–µ,
—â–æ –≤–∏ –∑ –Ω–∞–º–∏!
üíô
üíõ",https://t.me/rubpak54/336,0,
post,10,rubpak54,346,,"FPV –≤—Ä–∞–∂–∞—î, Mavic –∫–æ—Ä–∏–≥—É—î. –†–∞–∑–æ–º –≤–æ–Ω–∏ –ø—Ä–∞—Ü—é—é—Ç—å, —â–æ–± –≤–æ—Ä–æ–≥ –Ω–µ –º–∞–≤ –∂–æ–¥–Ω–æ–≥–æ —à–∞–Ω—Å—É
–ü—ñ–¥—Ç—Ä–∏–º–∞–π –Ω–∞—Å
üí≥
–ù–æ–º–µ—Ä –∫–∞—Ä—Ç–∫–∏ –±–∞–Ω–∫–∏
4441111124473095
https://www.kara.army/donate
PayPal: rubpak54ombr@gmail.com
–î—è–∫—É—î–º–æ –∑–∞ –ø—ñ–¥—Ç—Ä–∏–º–∫—É, –¥–æ–≤—ñ—Ä—É —ñ —Ç–µ,
—â–æ –≤–∏ –∑ –Ω–∞–º–∏!
üíô
üíõ",https://t.me/rubpak54/346,0,
post,18,rubpak54,305,,"–ö–æ–∂–µ–Ω –¥–æ–Ω–∞—Ç ‚Äî —Ü–µ –∑–Ω–∏—â–µ–Ω–∏–π –æ–∫—É–ø–∞–Ω—Ç!
üí≥
–ù–æ–º–µ—Ä –∫–∞—Ä—Ç–∫–∏ –±–∞–Ω–∫–∏
4441111124473095
https://send.monobank.ua/jar/2dGzh1sBQs
PayPal: rubpak54ombr@gmail.com
–ü—ñ–¥—Ç—Ä–∏–º–∞–π –Ω–∞—à—É —Ä–æ–±–æ—Ç—É:
üëâ
https://www.kara.army/donate
–î—è–∫—É—î–º–æ –∑–∞ –ø—ñ–¥—Ç—Ä–∏–º–∫—É, –¥–æ–≤—ñ—Ä—É —ñ —Ç–µ, —â–æ –≤–∏ –∑ –Ω–∞–º–∏!
üíô
üíõ",https://t.me/rubpak54/305,1,
post,25,rubpak54,314,,"–ó–∞ –Ω–∞—à–∏–º–∏ –ø–ª–µ—á–∏–º–∞ –∫—Ä–æ–≤–æ–ø—Ä–æ–ª–∏—Ç–∏–Ω—ñ –±–æ—ó, —Ä–∞–¥–æ—Å—Ç—ñ –ø–µ—Ä–µ–º–æ–≥ —Ç–∞ –±—ñ–ª—å –≤—Ç—Ä–∞—Ç–∏. –ê–ª–µ —É —Ü–∏—Ö –≤–∏–∑–≤–æ–ª—å–Ω–∏—Ö –∑–º–∞–≥–∞–Ω–Ω—è—Ö, –Ω–∞—à–∞ —Ü—ñ–ª—å - –≤–∏–∂–∏—Ç–∏ —ñ –¥—ñ–π—Ç–∏ –¥–æ –∫—ñ–Ω—Ü—è.
–†–∞–∑–æ–º ‚Äî –¥–æ –ø–µ—Ä–µ–º–æ–≥–∏!
üí≥
–ù–æ–º–µ—Ä –∫–∞—Ä—Ç–∫–∏ –±–∞–Ω–∫–∏
4441111124473095
https://www.kara.army/donate
PayPal: rubpak54ombr@gmail.com
–î—è–∫—É—î–º–æ –∑–∞ –ø—ñ–¥—Ç—Ä–∏–º–∫—É, –¥–æ–≤—ñ—Ä—É —ñ —Ç–µ, —â–æ –≤–∏ –∑ –Ω–∞–º–∏!
üíô
üíõ",https://t.me/rubpak54/314,0,
post,26,rubpak54,315,,"–í—Å–µ —Ü–µ –∑–∞–≤–¥—è–∫–∏ –≤–∞–º!
–î—è–∫—É—î–º–æ –∑–∞ –¥–æ–Ω–∞—Ç–∏!
–î–∞–ª—ñ –±—É–¥–µ‚Ä¶
–†–∞–∑–æ–º ‚Äî –¥–æ –ø–µ—Ä–µ–º–æ–≥–∏!
üí≥
–ù–æ–º–µ—Ä –∫–∞—Ä—Ç–∫–∏ –±–∞–Ω–∫–∏
4441111124473095
https://www.kara.army/donate
PayPal: rubpak54ombr@gmail.com
–î—è–∫—É—î–º–æ –∑–∞ –ø—ñ–¥—Ç—Ä–∏–º–∫—É, –¥–æ–≤—ñ—Ä—É —ñ —Ç–µ, —â–æ –≤–∏ –∑ –Ω–∞–º–∏!
üíô
üíõ",https://t.me/rubpak54/315,0,
post,27,rubpak54,316,,"–¶—ñ —É–¥–∞—Ä–∏ ‚Äî –∑–∞–≤–¥—è–∫–∏ –≤–∞–º. –î—è–∫—É—î–º–æ –∑–∞ –¥–æ–Ω–∞—Ç–∏ –Ω–∞ –î–ê–†–°. –í–∏ ‚Äî —á–∞—Å—Ç–∏–Ω–∞ –Ω–∞—à–æ—ó –ø–µ—Ä–µ–º–æ–≥–∏!
–î–∞–ª—ñ –±—É–¥–µ‚Ä¶
–†–∞–∑–æ–º ‚Äî –¥–æ –ø–µ—Ä–µ–º–æ–≥–∏!
üí≥
–ù–æ–º–µ—Ä –∫–∞—Ä—Ç–∫–∏ –±–∞–Ω–∫–∏
4441111124473095
https://www.kara.army/donate
PayPal: rubpak54ombr@gmail.com
–î—è–∫—É—î–º–æ –∑–∞ –ø—ñ–¥—Ç—Ä–∏–º–∫—É, –¥–æ–≤—ñ—Ä—É —ñ —Ç–µ, —â–æ –≤–∏ –∑ –Ω–∞–º–∏!
üíô
üíõ",https://t.me/rubpak54/316,0,
post,28,rubpak54,317,,"–†–∞–∑–æ–º ‚Äî –¥–æ –ø–µ—Ä–µ–º–æ–≥–∏!
üí≥
–ù–æ–º–µ—Ä –∫–∞—Ä—Ç–∫–∏ –±–∞–Ω–∫–∏
4441111124473095
https://www.kara.army/donate
PayPal: rubpak54ombr@gmail.com
–î—è–∫—É—î–º–æ –∑–∞ –ø—ñ–¥—Ç—Ä–∏–º–∫—É, –¥–æ–≤—ñ—Ä—É —ñ —Ç–µ, —â–æ –≤–∏ –∑ –Ω–∞–º–∏!
üíô
üíõ",https://t.me/rubpak54/317,0,
post,29,rubpak54,318,,"–ü–æ–∫–∏ –≤–æ—Ä–æ–≥ –∫–∏–¥–∞—î –±–æ–º–±–∏ ‚Äî —É–∫—Ä–∞—ó–Ω—Ü—ñ –∑–±–∏—Ä–∞—é—Ç—å –∑–µ—Ä–Ω–æ. –ù—ñ —Å—Ç—Ä–∞—Ö, –Ω—ñ –≤—ñ–π–Ω–∞ –Ω–µ –∑—É–ø–∏–Ω—è—Ç—å —Ç–∏—Ö, —Ö—Ç–æ –≥–æ–¥—É—î —Å–≤—ñ—Ç.
üí™
üá∫üá¶
#–°–∏–ª–∞–£–∫—Ä–∞—ó–Ω–∏
#–ù–µ—Å–∫–æ—Ä–µ–Ω—ñ
#–ó–±—ñ—Ä–í—Ä–æ–∂–∞—é
""
–ü—ñ–¥—Ç—Ä–∏–º–∞–π
ü´°
–†–∞–∑–æ–º ‚Äî –¥–æ –ø–µ—Ä–µ–º–æ–≥–∏!
üí≥
–ù–æ–º–µ—Ä –∫–∞—Ä—Ç–∫–∏ –±–∞–Ω–∫–∏
4441111124473095
https://www.kara.army/donate
PayPal: rubpak54ombr@gmail.com
–î—è–∫—É—î–º–æ –∑–∞ –ø—ñ–¥—Ç—Ä–∏–º–∫—É, –¥–æ–≤—ñ—Ä—É —ñ —Ç–µ,
—â–æ –≤–∏ –∑ –Ω–∞–º–∏!
üíô
üíõ",https://t.me/rubpak54/318,0,
post,36,rubpak54,285,,"–î—Ä—É–∑—ñ, –Ω–∞–º —Ç–µ—Ä–º—ñ–Ω–æ–≤–æ –ø–æ—Ç—Ä—ñ–±–Ω—ñ –ª—ñ—Ç–∞–∫–∏ DARTS –¥–ª—è —Ç–æ—á–Ω–∏—Ö —É–¥–∞—Ä—ñ–≤ –ø–æ –≤–æ—Ä–æ–≥—É!
–î–æ–ª—É—á–∞–π—Ç–µ—Å—è –¥–æ –∑–±–æ—Ä—É!
–†–∞–∑–æ–º ‚Äî –¥–æ –ø–µ—Ä–µ–º–æ–≥–∏!
üí≥
–ù–æ–º–µ—Ä –∫–∞—Ä—Ç–∫–∏ –±–∞–Ω–∫–∏
4441 1111 2164 4169
üîó
–ü–æ—Å–∏–ª–∞–Ω–Ω—è –Ω–∞ –±–∞–Ω–∫—É —Ç–∞ –Ω–æ–º–µ—Ä –∫–∞—Ä—Ç–∫–∏:
https://linktr.ee/54rubpak
PayPal: rubpak54ombr@gmail.com
–î—è–∫—É—î–º–æ –∑–∞ –ø—ñ–¥—Ç—Ä–∏–º–∫—É, –¥–æ–≤—ñ—Ä—É —ñ —Ç–µ, —â–æ –≤–∏ –∑ –Ω–∞–º–∏!
üíô
üíõ",https://t.me/rubpak54/285,0,
post,41,rubpak54,290,,"DARTS –¥–ª—è –ó–°–£ ‚Äî –¥–æ–Ω–∞—Ç—å —ñ –Ω–∞–±–ª–∏–∂–∞–π –ø–µ—Ä–µ–º–æ–≥—É!
üí≥
–ù–æ–º–µ—Ä –∫–∞—Ä—Ç–∫–∏ –±–∞–Ω–∫–∏
4441 1111 2164 4169
üîó
–ü–æ—Å–∏–ª–∞–Ω–Ω—è –Ω–∞ –±–∞–Ω–∫—É —Ç–∞ –Ω–æ–º–µ—Ä –∫–∞—Ä—Ç–∫–∏:
https://linktr.ee/54rubpak
PayPal: rubpak54ombr@gmail.com
–î—è–∫—É—î–º–æ –∑–∞ –ø—ñ–¥—Ç—Ä–∏–º–∫—É, –¥–æ–≤—ñ—Ä—É —ñ —Ç–µ, —â–æ –≤–∏ –∑ –Ω–∞–º–∏!
üíô
üíõ",https://t.me/rubpak54/290,0,
post,42,rubpak54,291,,"–î—è–∫—É—î–º–æ –∑–∞ –≤–∞—à—É –ø—ñ–¥—Ç—Ä–∏–º–∫—É! –ó–∞–≤–¥—è–∫–∏ –≤–∞–º ‚Äî –Ω–æ–≤—ñ –ª—ñ—Ç–∞–∫–∏ –¥–ª—è DARTS –≤–∂–µ –≤ –Ω–µ–±—ñ!
üí≥
–ù–æ–º–µ—Ä –∫–∞—Ä—Ç–∫–∏ –±–∞–Ω–∫–∏
4441 1111 2164 4169
üîó
–ü–æ—Å–∏–ª–∞–Ω–Ω—è –Ω–∞ –±–∞–Ω–∫—É —Ç–∞ –Ω–æ–º–µ—Ä –∫–∞—Ä—Ç–∫–∏:
https://linktr.ee/54rubpak
PayPal: rubpak54ombr@gmail.com",https://t.me/rubpak54/291,0,
post,46,rubpak54,301,,"–ü—ñ—Ö–æ—Ç–∞ ‚Äî —Ü–µ –æ–ø–æ—Ä–∞ —ñ —â–∏—Ç –Ω–∞ –ø–µ—Ä–µ–¥–æ–≤—ñ–π, –≤–æ–Ω–∞ —Ç—Ä–∏–º–∞—î —Ä—É–±–µ–∂—ñ —Ü—ñ–Ω–æ—é –Ω–∞–¥–ª—é–¥—Å—å–∫–∏—Ö –∑—É—Å–∏–ª—å. –ù–∞—à–µ –∑–∞–≤–¥–∞–Ω–Ω—è- –∑–±–µ—Ä–µ–≥—Ç–∏ –∂–∏—Ç—Ç—è –ø—ñ—Ö–æ—Ç–∏–Ω—Ü—ñ–≤. –î–æ–ø–æ–º–æ–≥—Ç–∏ –Ω–∞–º —É –±–æ—Ä–æ—Ç—å–±—ñ.
üí≥
–ù–æ–º–µ—Ä –∫–∞—Ä—Ç–∫–∏ –±–∞–Ω–∫–∏
4441111124473095
PayPal: rubpak54ombr@gmail.com
–î—è–∫—É—î–º–æ –∑–∞ –ø—ñ–¥—Ç—Ä–∏–º–∫—É, –¥–æ–≤—ñ—Ä—É —ñ —Ç–µ, —â–æ –≤–∏ –∑ –Ω–∞–º–∏!
üíô
üíõ",https://t.me/rubpak54/301,0,
post,50,rubpak54,265,,"–ú–∏ —Ñ–æ–∫—É—Å—É—î–º–æ—Å—å –ª–∏—à–µ –Ω–∞ –∑–Ω–∏—â–µ–Ω–Ω—ñ –≤–æ—Ä–æ–≥–∞. –î–æ–ø–æ–º–æ–≥—Ç–∏ –Ω–∞–º —É –±–æ—Ä–æ—Ç—å–±—ñ
üí≥
–ù–æ–º–µ—Ä –∫–∞—Ä—Ç–∫–∏ –±–∞–Ω–∫–∏
4441 1111 2164 4169
üîó
–ü–æ—Å–∏–ª–∞–Ω–Ω—è –Ω–∞ –±–∞–Ω–∫—É —Ç–∞ –Ω–æ–º–µ—Ä –∫–∞—Ä—Ç–∫–∏:
https://linktr.ee/54rubpak
PayPal: rubpak54ombr@gmail.com
–î—è–∫—É—î–º–æ –∑–∞ –ø—ñ–¥—Ç—Ä–∏–º–∫—É, –¥–æ–≤—ñ—Ä—É —ñ —Ç–µ, —â–æ –≤–∏ –∑ –Ω–∞–º–∏!
üíô
üíõ",https://t.me/rubpak54/265,1,
post,54,rubpak54,273,,"–ú–∏ —Ñ–æ–∫—É—Å—É—î–º–æ—Å—å –ª–∏—à–µ –Ω–∞ –∑–Ω–∏—â–µ–Ω–Ω—ñ –≤–æ—Ä–æ–≥–∞. –î–æ–ø–æ–º–æ–≥—Ç–∏ –Ω–∞–º —É –±–æ—Ä–æ—Ç—å–±—ñ
üí≥
–ù–æ–º–µ—Ä –∫–∞—Ä—Ç–∫–∏ –±–∞–Ω–∫–∏
4441 1111 2164 4169
üîó
–ü–æ—Å–∏–ª–∞–Ω–Ω—è –Ω–∞ –±–∞–Ω–∫—É —Ç–∞ –Ω–æ–º–µ—Ä –∫–∞—Ä—Ç–∫–∏:
https://linktr.ee/54rubpak
PayPal: rubpak54ombr@gmail.com
–î—è–∫—É—î–º–æ –∑–∞ –ø—ñ–¥—Ç—Ä–∏–º–∫—É, –¥–æ–≤—ñ—Ä—É —ñ —Ç–µ, —â–æ –≤–∏ –∑ –Ω–∞–º–∏!
üíô
üíõ",https://t.me/rubpak54/273,0,
post,58,rubpak54,281,,"–î—Ä—É–∑—ñ, –Ω–∞–º —Ç–µ—Ä–º—ñ–Ω–æ–≤–æ –ø–æ—Ç—Ä—ñ–±–Ω—ñ FPV-–¥—Ä–æ–Ω–∏ DARTS –¥–ª—è —Ç–æ—á–Ω–∏—Ö —É–¥–∞—Ä—ñ–≤ –ø–æ –≤–æ—Ä–æ–≥—É!
–î–æ–ª—É—á–∞–π—Ç–µ—Å—è –¥–æ –∑–±–æ—Ä—É!
–†–∞–∑–æ–º ‚Äî –¥–æ –ø–µ—Ä–µ–º–æ–≥–∏!
üí≥
–ù–æ–º–µ—Ä –∫–∞—Ä—Ç–∫–∏ –±–∞–Ω–∫–∏
4441 1111 2164 4169
üîó
–ü–æ—Å–∏–ª–∞–Ω–Ω—è –Ω–∞ –±–∞–Ω–∫—É —Ç–∞ –Ω–æ–º–µ—Ä –∫–∞—Ä—Ç–∫–∏:
https://linktr.ee/54rubpak
PayPal: rubpak54ombr@gmail.com
–î—è–∫—É—î–º–æ –∑–∞ –ø—ñ–¥—Ç—Ä–∏–º–∫—É, –¥–æ–≤—ñ—Ä—É —ñ —Ç–µ, —â–æ –≤–∏ –∑ –Ω–∞–º–∏!
üíô
üíõ",https://t.me/rubpak54/281,0,
post,59,rubpak54,282,,"–î—Ä—É–∑—ñ, –Ω–∞–º —Ç–µ—Ä–º—ñ–Ω–æ–≤–æ –ø–æ—Ç—Ä—ñ–±–Ω—ñ FPV-–¥—Ä–æ–Ω–∏ DARTS –¥–ª—è —Ç–æ—á–Ω–∏—Ö —É–¥–∞—Ä—ñ–≤ –ø–æ –≤–æ—Ä–æ–≥—É!
–î–æ–ª—É—á–∞–π—Ç–µ—Å—è –¥–æ –∑–±–æ—Ä—É!
–†–∞–∑–æ–º ‚Äî –¥–æ –ø–µ—Ä–µ–º–æ–≥–∏!
üí≥
–ù–æ–º–µ—Ä –∫–∞—Ä—Ç–∫–∏ –±–∞–Ω–∫–∏
4441 1111 2164 4169
üîó
–ü–æ—Å–∏–ª–∞–Ω–Ω—è –Ω–∞ –±–∞–Ω–∫—É —Ç–∞ –Ω–æ–º–µ—Ä –∫–∞—Ä—Ç–∫–∏:
https://linktr.ee/54rubpak
PayPal: rubpak54ombr@gmail.com
–î—è–∫—É—î–º–æ –∑–∞ –ø—ñ–¥—Ç—Ä–∏–º–∫—É, –¥–æ–≤—ñ—Ä—É —ñ —Ç–µ, —â–æ –≤–∏ –∑ –Ω–∞–º–∏!
üíô
üíõ",https://t.me/rubpak54/282,0,
post,63,rubpak54,246,,"–¢–æ—á–Ω—ñ—Å—Ç—å –∞—Ä—Ç–∏–ª–µ—Ä—ñ—ó - —Ü–µ –∫–æ–ª–∏ –≤–æ—Ä–æ–≥ –Ω–µ –≤—Å—Ç–∏–≥–∞—î –Ω–∞–≤—ñ—Ç—å –∑–¥–∏–≤—É–≤–∞—Ç–∏—Å—è.
–ü—ñ–¥—Ç—Ä–∏–º–∞–π —Ç–∏—Ö, —Ö—Ç–æ –∑–∞—Ö–∏—â–∞—î –Ω–∞—à—É –∫—Ä–∞—ó–Ω—É! –°–ª–∞–≤–∞ –£–∫—Ä–∞—ó–Ω—ñ!
üíô
üíõ
üí≥
PayPal: rubpak54ombr@gmail.com
üí≥
–ù–æ–º–µ—Ä –∫–∞—Ä—Ç–∫–∏: 4441 1111 2164 4169",https://t.me/rubpak54/246,0,
post,67,rubpak54,250,,"–ì–∞—É–±–∏—Ü—è 2–ê65: —Ç–æ—á–Ω–µ —É—Ä–∞–∂–µ–Ω–Ω—è
üòÄ
üòÉ
–í–∞—à –≤–Ω–µ—Å–æ–∫ ‚Äì —Ü–µ –Ω–µ –ø—Ä–æ—Å—Ç–æ —Ç–µ—Ö–Ω—ñ–∫–∞, —Ü–µ —Ä–µ–∞–ª—å–Ω–∞ –¥–æ–ø–æ–º–æ–≥–∞ —Ç–∞ –ø—ñ–¥—Å–∏–ª–µ–Ω–Ω—è –Ω–∞—à–∏—Ö –º–æ–∂–ª–∏–≤–æ—Å—Ç–µ–π.
üí≥
–ù–æ–º–µ—Ä –∫–∞—Ä—Ç–∫–∏ –±–∞–Ω–∫–∏
4441 1111 2164 4169
üîó
–ü–æ—Å–∏–ª–∞–Ω–Ω—è –Ω–∞ –±–∞–Ω–∫—É —Ç–∞ –Ω–æ–º–µ—Ä –∫–∞—Ä—Ç–∫–∏:
https://linktr.ee/54rubpak
PayPal: rubpak54ombr@gmail.com
–î—è–∫—É—î–º–æ –∑–∞ –ø—ñ–¥—Ç—Ä–∏–º–∫—É, –¥–æ–≤—ñ—Ä—É —ñ —Ç–µ, —â–æ –≤–∏ –∑ –Ω–∞–º–∏!
üíô
üíõ",https://t.me/rubpak54/250,0,
post,75,rubpak54,258,,"–ú–∏ —Ñ–æ–∫—É—Å—É—î–º–æ—Å—å –ª–∏—à–µ –Ω–∞ –∑–Ω–∏—â–µ–Ω–Ω—ñ –≤–æ—Ä–æ–≥–∞. –î–æ–ø–æ–º–æ–≥—Ç–∏ –Ω–∞–º —É –±–æ—Ä–æ—Ç—å–±—ñ
üí≥
–ù–æ–º–µ—Ä –∫–∞—Ä—Ç–∫–∏ –±–∞–Ω–∫–∏
4441 1111 2164 4169
üîó
–ü–æ—Å–∏–ª–∞–Ω–Ω—è –Ω–∞ –±–∞–Ω–∫—É —Ç–∞ –Ω–æ–º–µ—Ä –∫–∞—Ä—Ç–∫–∏:
https://linktr.ee/54rubpak
PayPal: rubpak54ombr@gmail.com
–î—è–∫—É—î–º–æ –∑–∞ –ø—ñ–¥—Ç—Ä–∏–º–∫—É, –¥–æ–≤—ñ—Ä—É —ñ —Ç–µ, —â–æ –≤–∏ –∑ –Ω–∞–º–∏!
üíô
üíõ",https://t.me/rubpak54/258,0,
post,79,rubpak54,262,,"–ó–Ω–∏—â–µ–Ω–Ω—è –≤–æ—Ä–æ–∂–æ—ó –ø—ñ—Ö–æ—Ç–∏
ü´°
–ú–∏ —Ñ–æ–∫—É—Å—É—î–º–æ—Å—å –ª–∏—à–µ –Ω–∞ –∑–Ω–∏—â–µ–Ω–Ω—ñ –≤–æ—Ä–æ–≥–∞. –î–æ–ø–æ–º–æ–≥—Ç–∏ –Ω–∞–º —É –±–æ—Ä–æ—Ç—å–±—ñ
üí≥
–ù–æ–º–µ—Ä –∫–∞—Ä—Ç–∫–∏ –±–∞–Ω–∫–∏
4441 1111 2164 4169
üîó
–ü–æ—Å–∏–ª–∞–Ω–Ω—è –Ω–∞ –±–∞–Ω–∫—É —Ç–∞ –Ω–æ–º–µ—Ä –∫–∞—Ä—Ç–∫–∏:
https://linktr.ee/54rubpak
PayPal: rubpak54ombr@gmail.com
–î—è–∫—É—î–º–æ –∑–∞ –ø—ñ–¥—Ç—Ä–∏–º–∫—É, –¥–æ–≤—ñ—Ä—É —ñ —Ç–µ, —â–æ –≤–∏ –∑ –Ω–∞–º–∏!
üíô
üíõ",https://t.me/rubpak54/262,0,
post,81,rubpak54,222,,"–•–æ–≤–∞—î–º–æ —Ä—É—Å–Ω—é —É –ø–æ–∂–æ–≤–∫–ª–æ–º—É –ª–∏—Å—Ç—ñ
üçÅ
–•–æ—á–µ—Ç–µ –±—ñ–ª—å—à–µ –¥–æ—Ö–ª–∏—Ö –∫–∞—Ü–∞–ø—ñ–≤? –ü—Ä–∏—î–¥–Ω—É–π—Ç–µ—Å—å –¥–æ –Ω–∞—à–æ–≥–æ –∑–±–æ—Ä—É
üëá
üîó
–ü–æ—Å–∏–ª–∞–Ω–Ω—è –Ω–∞ –±–∞–Ω–∫—É —Ç–∞ –Ω–æ–º–µ—Ä –∫–∞—Ä—Ç–∫–∏:
https://linktr.ee/54rubpak
PayPal: rubpak54ombr@gmail.com
‚ù§Ô∏è‚Äçü©π
–©–æ–± –ø—ñ–¥—Ç—Ä–∏–º–∞—Ç–∏ –∑–±—ñ—Ä, –º–æ–∂–Ω–∞ –∑–∞–∫–∏–Ω—É—Ç–∏ 5-10-15 –≥—Ä–∏–≤–µ–Ω—å, –∞–¥–∂–µ –∫–æ–∂–Ω–∞ –≥—Ä–∏–≤–Ω—è –≤–∞–∂–ª–∏–≤–∞
–î—è–∫—É—î–º–æ –∑–∞ –ø—ñ–¥—Ç—Ä–∏–º–∫—É —Ç–∞ –¥–æ–Ω–∞—Ç–∏!",https://t.me/rubpak54/222,1,
post,82,rubpak54,223,,"–ü–æ—á—É—î–º–æ –∫–æ–∂–Ω–æ–≥–æ
ü¶ª
–•–æ—á–µ—Ç–µ –±—ñ–ª—å—à–µ –¥–æ—Ö–ª–∏—Ö –∫–∞—Ü–∞–ø—ñ–≤? –ü—Ä–∏—î–¥–Ω—É–π—Ç–µ—Å—å –¥–æ –Ω–∞—à–æ–≥–æ –∑–±–æ—Ä—É
üëá
üîó
–ü–æ—Å–∏–ª–∞–Ω–Ω—è –Ω–∞ –±–∞–Ω–∫—É —Ç–∞ –Ω–æ–º–µ—Ä –∫–∞—Ä—Ç–∫–∏:
https://linktr.ee/54rubpak
PayPal: rubpak54ombr@gmail.com
‚ù§Ô∏è‚Äçü©π
–©–æ–± –ø—ñ–¥—Ç—Ä–∏–º–∞—Ç–∏ –∑–±—ñ—Ä, –º–æ–∂–Ω–∞ –∑–∞–∫–∏–Ω—É—Ç–∏ 5-10-15 –≥—Ä–∏–≤–µ–Ω—å, –∞–¥–∂–µ –∫–æ–∂–Ω–∞ –≥—Ä–∏–≤–Ω—è –≤–∞–∂–ª–∏–≤–∞
–î—è–∫—É—î–º–æ –∑–∞ –ø—ñ–¥—Ç—Ä–∏–º–∫—É —Ç–∞ –¥–æ–Ω–∞—Ç–∏!",https://t.me/rubpak54/223,1,
post,85,rubpak54,226,,"–ü–æ–∫–∏ –≤—Å—ñ –æ—á—ñ–∫—É—é—Ç—å –Ω–∞–π–º–∞—Å–æ–≤–∞–Ω—ñ—à–∏–π –æ–±—Å—Ç—Ä—ñ–ª, –º–∏ –ø—Ä–æ—Å—Ç–æ –¥–∞–ª—ñ —Ä–æ–±–∏–º–æ —Å–≤–æ—é —Ä–æ–±–æ—Ç—É
ü´°
–•–æ—á–µ—Ç–µ –±—ñ–ª—å—à–µ –¥–æ—Ö–ª–∏—Ö –∫–∞—Ü–∞–ø—ñ–≤? –ü—Ä–∏—î–¥–Ω—É–π—Ç–µ—Å—å –¥–æ –Ω–∞—à–æ–≥–æ –∑–±–æ—Ä—É
üëá
üîó
–ü–æ—Å–∏–ª–∞–Ω–Ω—è –Ω–∞ –±–∞–Ω–∫—É —Ç–∞ –Ω–æ–º–µ—Ä –∫–∞—Ä—Ç–∫–∏:
https://linktr.ee/54rubpak
PayPal: rubpak54ombr@gmail.com
‚ù§Ô∏è‚Äçü©π
–©–æ–± –ø—ñ–¥—Ç—Ä–∏–º–∞—Ç–∏ –∑–±—ñ—Ä, –º–æ–∂–Ω–∞ –∑–∞–∫–∏–Ω—É—Ç–∏ 5-10-15 –≥—Ä–∏–≤–µ–Ω—å, –∞–¥–∂–µ –∫–æ–∂–Ω–∞ –≥—Ä–∏–≤–Ω—è –≤–∞–∂–ª–∏–≤–∞
–î—è–∫—É—î–º–æ –∑–∞ –ø—ñ–¥—Ç—Ä–∏–º–∫—É —Ç–∞ –¥–æ–Ω–∞—Ç–∏!",https://t.me/rubpak54/226,1,
post,86,rubpak54,227,,"–ö—Ä—É—Ç—ñ—à–µ –Ω–∞—Å —Ç—ñ–ª—å–∫–∏ —è–π—Ü—è
üòé
–•–æ—á–µ—Ç–µ –±—ñ–ª—å—à–µ –¥–æ—Ö–ª–∏—Ö –∫–∞—Ü–∞–ø—ñ–≤? –ü—Ä–∏—î–¥–Ω—É–π—Ç–µ—Å—å –¥–æ –Ω–∞—à–æ–≥–æ –∑–±–æ—Ä—É
üëá
üîó
–ü–æ—Å–∏–ª–∞–Ω–Ω—è –Ω–∞ –±–∞–Ω–∫—É —Ç–∞ –Ω–æ–º–µ—Ä –∫–∞—Ä—Ç–∫–∏:
https://linktr.ee/54rubpak
PayPal: rubpak54ombr@gmail.com
‚ù§Ô∏è‚Äçü©π
–©–æ–± –ø—ñ–¥—Ç—Ä–∏–º–∞—Ç–∏ –∑–±—ñ—Ä, –º–æ–∂–Ω–∞ –∑–∞–∫–∏–Ω—É—Ç–∏ 5-10-15 –≥—Ä–∏–≤–µ–Ω—å, –∞–¥–∂–µ –∫–æ–∂–Ω–∞ –≥—Ä–∏–≤–Ω—è –≤–∞–∂–ª–∏–≤–∞
–î—è–∫—É—î–º–æ –∑–∞ –ø—ñ–¥—Ç—Ä–∏–º–∫—É —Ç–∞ –¥–æ–Ω–∞—Ç–∏!",https://t.me/rubpak54/227,0,
post,90,rubpak54,232,,"üé∂
üé∂
üé∂
–•–æ—á–µ—Ç–µ –±—ñ–ª—å—à–µ –¥–æ—Ö–ª–∏—Ö –∫–∞—Ü–∞–ø—ñ–≤? –ü—Ä–∏—î–¥–Ω—É–π—Ç–µ—Å—å –¥–æ –Ω–∞—à–æ–≥–æ –∑–±–æ—Ä—É
üëá
üîó
–ü–æ—Å–∏–ª–∞–Ω–Ω—è –Ω–∞ –±–∞–Ω–∫—É —Ç–∞ –Ω–æ–º–µ—Ä –∫–∞—Ä—Ç–∫–∏:
https://linktr.ee/54rubpak
PayPal: rubpak54ombr@gmail.com
‚ù§Ô∏è‚Äçü©π
–©–æ–± –ø—ñ–¥—Ç—Ä–∏–º–∞—Ç–∏ –∑–±—ñ—Ä, –º–æ–∂–Ω–∞ –∑–∞–∫–∏–Ω—É—Ç–∏ 5-10-15 –≥—Ä–∏–≤–µ–Ω—å, –∞–¥–∂–µ –∫–æ–∂–Ω–∞ –≥—Ä–∏–≤–Ω—è –≤–∞–∂–ª–∏–≤–∞
–î—è–∫—É—î–º–æ –∑–∞ –ø—ñ–¥—Ç—Ä–∏–º–∫—É —Ç–∞ –¥–æ–Ω–∞—Ç–∏!",https://t.me/rubpak54/232,0,
post,91,rubpak54,233,,"–†—É—Å–Ω—è –ø–∞–¥–∞—î –Ω–∞ –∑–µ–º–ª—é —Ä–∞–∑–æ–º –∑ –ø–µ—Ä—à–∏–º —Å–Ω—ñ–≥–æ–º
‚òÉÔ∏è
–•–æ—á–µ—Ç–µ –±—ñ–ª—å—à–µ –¥–æ—Ö–ª–∏—Ö –∫–∞—Ü–∞–ø—ñ–≤? –ü—Ä–∏—î–¥–Ω—É–π—Ç–µ—Å—å –¥–æ –Ω–∞—à–æ–≥–æ –∑–±–æ—Ä—É
üëá
üîó
–ü–æ—Å–∏–ª–∞–Ω–Ω—è –Ω–∞ –±–∞–Ω–∫—É —Ç–∞ –Ω–æ–º–µ—Ä –∫–∞—Ä—Ç–∫–∏:
https://linktr.ee/54rubpak
PayPal: rubpak54ombr@gmail.com
‚ù§Ô∏è‚Äçü©π
–©–æ–± –ø—ñ–¥—Ç—Ä–∏–º–∞—Ç–∏ –∑–±—ñ—Ä, –º–æ–∂–Ω–∞ –∑–∞–∫–∏–Ω—É—Ç–∏ 5-10-15 –≥—Ä–∏–≤–µ–Ω—å, –∞–¥–∂–µ –∫–æ–∂–Ω–∞ –≥—Ä–∏–≤–Ω—è –≤–∞–∂–ª–∏–≤–∞
–î—è–∫—É—î–º–æ –∑–∞ –ø—ñ–¥—Ç—Ä–∏–º–∫—É —Ç–∞ –¥–æ–Ω–∞—Ç–∏!",https://t.me/rubpak54/233,0,
post,93,rubpak54,235,,"–î—è–∫—É—î–º–æ —É—á–Ω—è–º —Ö–∞—Ä–∫—ñ–≤—Å—å–∫–æ–≥–æ 160-–≥–æ –ª—ñ—Ü–µ—é!
–•–æ—á–µ—Ç–µ –±—ñ–ª—å—à–µ –¥–æ—Ö–ª–∏—Ö –∫–∞—Ü–∞–ø—ñ–≤? –ü—Ä–∏—î–¥–Ω—É–π—Ç–µ—Å—å –¥–æ –Ω–∞—à–æ–≥–æ –∑–±–æ—Ä—É
üëá
üîó
–ü–æ—Å–∏–ª–∞–Ω–Ω—è –Ω–∞ –±–∞–Ω–∫—É —Ç–∞ –Ω–æ–º–µ—Ä –∫–∞—Ä—Ç–∫–∏:
https://linktr.ee/54rubpak
PayPal: rubpak54ombr@gmail.com
‚ù§Ô∏è‚Äçü©π
–©–æ–± –ø—ñ–¥—Ç—Ä–∏–º–∞—Ç–∏ –∑–±—ñ—Ä, –º–æ–∂–Ω–∞ –∑–∞–∫–∏–Ω—É—Ç–∏ 5-10-15 –≥—Ä–∏–≤–µ–Ω—å, –∞–¥–∂–µ –∫–æ–∂–Ω–∞ –≥—Ä–∏–≤–Ω—è –≤–∞–∂–ª–∏–≤–∞
–î—è–∫—É—î–º–æ –∑–∞ –ø—ñ–¥—Ç—Ä–∏–º–∫—É —Ç–∞ –¥–æ–Ω–∞—Ç–∏!",https://t.me/rubpak54/235,0,
post,94,rubpak54,236,,"–ú–∏–∫–æ–ª–∞–π –ø—Ä–∏–Ω—ñ—Å –º–æ—Å–∫–∞–ª—è–º –≤–∏–±—É—Ö–æ–≤—É –ª–æ–∑–∏–Ω—É
üéÖ
–•–æ—á–µ—Ç–µ –±—ñ–ª—å—à–µ –¥–æ—Ö–ª–∏—Ö –∫–∞—Ü–∞–ø—ñ–≤? –ü—Ä–∏—î–¥–Ω—É–π—Ç–µ—Å—å –¥–æ –Ω–∞—à–æ–≥–æ –∑–±–æ—Ä—É
üëá
üîó
–ü–æ—Å–∏–ª–∞–Ω–Ω—è –Ω–∞ –±–∞–Ω–∫—É —Ç–∞ –Ω–æ–º–µ—Ä –∫–∞—Ä—Ç–∫–∏:
https://linktr.ee/54rubpak
PayPal: rubpak54ombr@gmail.com
‚ù§Ô∏è‚Äçü©π
–©–æ–± –ø—ñ–¥—Ç—Ä–∏–º–∞—Ç–∏ –∑–±—ñ—Ä, –º–æ–∂–Ω–∞ –∑–∞–∫–∏–Ω—É—Ç–∏ 5-10-15 –≥—Ä–∏–≤–µ–Ω—å, –∞–¥–∂–µ –∫–æ–∂–Ω–∞ –≥—Ä–∏–≤–Ω—è –≤–∞–∂–ª–∏–≤–∞
–î—è–∫—É—î–º–æ –∑–∞ –ø—ñ–¥—Ç—Ä–∏–º–∫—É —Ç–∞ –¥–æ–Ω–∞—Ç–∏!",https://t.me/rubpak54/236,0,
post,95,rubpak54,237,,"–ü—Ä–æ–≤–æ–¥–∏–º–æ –ø–µ—Ä–µ–¥–Ω–æ–≤–æ—Ä—ñ—á–Ω—ñ –≤–∏—Å–æ—Ç–Ω—ñ —Ä–æ–±–æ—Ç–∏
–•–æ—á–µ—Ç–µ –±—ñ–ª—å—à–µ –¥–æ—Ö–ª–∏—Ö –∫–∞—Ü–∞–ø—ñ–≤? –ü—Ä–∏—î–¥–Ω—É–π—Ç–µ—Å—å –¥–æ –Ω–∞—à–æ–≥–æ –∑–±–æ—Ä—É
üëá
üîó
–ü–æ—Å–∏–ª–∞–Ω–Ω—è –Ω–∞ –±–∞–Ω–∫—É —Ç–∞ –Ω–æ–º–µ—Ä –∫–∞—Ä—Ç–∫–∏:
https://linktr.ee/54rubpak
PayPal: rubpak54ombr@gmail.com
‚ù§Ô∏è‚Äçü©π
–©–æ–± –ø—ñ–¥—Ç—Ä–∏–º–∞—Ç–∏ –∑–±—ñ—Ä, –º–æ–∂–Ω–∞ –∑–∞–∫–∏–Ω—É—Ç–∏ 5-10-15 –≥—Ä–∏–≤–µ–Ω—å, –∞–¥–∂–µ –∫–æ–∂–Ω–∞ –≥—Ä–∏–≤–Ω—è –≤–∞–∂–ª–∏–≤–∞
–î—è–∫—É—î–º–æ –∑–∞ –ø—ñ–¥—Ç—Ä–∏–º–∫—É —Ç–∞ –¥–æ–Ω–∞—Ç–∏!",https://t.me/rubpak54/237,0,
post,97,rubpak54,239,,"–ü—ñ–¥—Ç—Ä–∏–º–∞–π —Å–≤–æ—ó–º –¥–æ–Ω–∞—Ç–æ–º –ù–µ–±–µ—Å–Ω—É –ö–∞—Ä—É. –î–∞–≤–∞–π —Ä–∞–∑–æ–º –∑–Ω–∏—â—É–≤–∞—Ç–∏ –æ–∫—É–ø–∞–Ω—Ç—ñ–≤
üëá
üîó
–ü–æ—Å–∏–ª–∞–Ω–Ω—è –Ω–∞ –±–∞–Ω–∫—É —Ç–∞ –Ω–æ–º–µ—Ä –∫–∞—Ä—Ç–∫–∏:
https://linktr.ee/54rubpak
PayPal: rubpak54ombr@gmail.com
‚ù§Ô∏è‚Äçü©π
–©–æ–± –ø—ñ–¥—Ç—Ä–∏–º–∞—Ç–∏ –∑–±—ñ—Ä, –º–æ–∂–Ω–∞ –∑–∞–∫–∏–Ω—É—Ç–∏ 5-10-15 –≥—Ä–∏–≤–µ–Ω—å, –∞–¥–∂–µ –∫–æ–∂–Ω–∞ –≥—Ä–∏–≤–Ω—è –≤–∞–∂–ª–∏–≤–∞
–î—è–∫—É—î–º–æ –∑–∞ –ø—ñ–¥—Ç—Ä–∏–º–∫—É —Ç–∞ –¥–æ–Ω–∞—Ç–∏!",https://t.me/rubpak54/239,0,
post,98,rubpak54,240,,"–ü—Ä–∏—î–¥–Ω—É–π—Å—è –¥–æ –±–∞—Ç–∞–ª—å–π–æ–Ω—É –±–µ–∑–ø—ñ–ª–æ—Ç–Ω–∏—Ö —Å–∏—Å—Ç–µ–º ‚Äú–ù–µ–±–µ—Å–Ω–∞ –∫–∞—Ä–∞‚Äù 54 –û–ú–ë—Ä!
–†–∞–∑–æ–º –º–∏ –∫–µ—Ä—É—î–º–æ –º–∞–π–±—É—Ç–Ω—ñ–º –±–æ—é, –∑–∞–±–µ–∑–ø–µ—á—É—é—á–∏ —Ç–æ—á–Ω—ñ—Å—Ç—å —ñ –ø–µ—Ä–µ–≤–∞–≥—É –Ω–∞ –ø–æ–ª—ñ –±–æ—é. –¢–≤—ñ–π —Ç–∞–ª–∞–Ω—Ç —ñ –Ω–∞–≤–∏—á–∫–∏ –º–æ–∂—É—Ç—å –≤—Ä—è—Ç—É–≤–∞—Ç–∏ –∂–∏—Ç—Ç—è —Ç–∞ –∑–º—ñ–Ω–∏—Ç–∏ —Ö—ñ–¥ –ø–æ–¥—ñ–π. –°—Ç–∞–Ω—å —á–∞—Å—Ç–∏–Ω–æ—é –µ–ª—ñ—Ç–Ω–æ—ó –∫–æ–º–∞–Ω–¥–∏, —è–∫–∞ –≤–ø–µ–≤–Ω–µ–Ω–æ –¥–∏–≤–∏—Ç—å—Å—è –≤ –Ω–µ–±–æ —ñ –∑–∞—Ö–∏—â–∞—î —Ä—ñ–¥–Ω—É –∑–µ–º–ª—é –∑ –≤–∏—Å–æ—Ç–∏ –ø—Ç–∞—à–∏–Ω–æ–≥–æ –ø–æ–ª—å–æ—Ç—É!
bbc.mail2024@gmail.com
1) –õ—ñ–ª—ñ—è
+380734861669
(—Ç—ñ–ª—å–∫–∏ WhatsApp)
2) –û–ª–µ–∫—Å–∞–Ω–¥—Ä
+380639372440 (—Ç—ñ–ª—å–∫–∏ WhatsApp)
–ü—Ä–æ—Å–∏–º–æ –∑–≤–µ—Ä—Ç–∞—Ç–∏—Å—è –∑ 09:00 –¥–æ 19:00",https://t.me/rubpak54/240,0,
post,99,rubpak54,241,,"–†–æ–∑–Ω–æ—Å–∏–º–æ –ø–æ–¥–∞—Ä—É–Ω–∫–∏ –Ω–µ—Å–ª—É—Ö–Ω—è–Ω–∏–º —Ö–ª–æ–ø—á–∏–∫–∞–º
üëπ
–•–æ—á–µ—Ç–µ –±—ñ–ª—å—à–µ –¥–æ—Ö–ª–∏—Ö –∫–∞—Ü–∞–ø—ñ–≤? –ü—Ä–∏—î–¥–Ω—É–π—Ç–µ—Å—å –¥–æ –Ω–∞—à–æ–≥–æ –∑–±–æ—Ä—É
üëá
üîó
–ü–æ—Å–∏–ª–∞–Ω–Ω—è –Ω–∞ –±–∞–Ω–∫—É —Ç–∞ –Ω–æ–º–µ—Ä –∫–∞—Ä—Ç–∫–∏:
https://linktr.ee/54rubpak
PayPal: rubpak54ombr@gmail.com
‚ù§Ô∏è‚Äçü©π
–©–æ–± –ø—ñ–¥—Ç—Ä–∏–º–∞—Ç–∏ –∑–±—ñ—Ä, –º–æ–∂–Ω–∞ –∑–∞–∫–∏–Ω—É—Ç–∏ 5-10-15 –≥—Ä–∏–≤–µ–Ω—å, –∞–¥–∂–µ –∫–æ–∂–Ω–∞ –≥—Ä–∏–≤–Ω—è –≤–∞–∂–ª–∏–≤–∞
–î—è–∫—É—î–º–æ –∑–∞ –ø—ñ–¥—Ç—Ä–∏–º–∫—É —Ç–∞ –¥–æ–Ω–∞—Ç–∏!",https://t.me/rubpak54/241,0,
post,101,rubpak54,202,,"–ó–∞–ø–µ–∫–ª–∏–π –ø–æ–≤—ñ—Ç—Ä—è–Ω–∏–π –±—ñ–π –∑ –ë–ü–õ–ê zala
–•–æ—á–µ—Ç–µ –±—ñ–ª—å—à–µ –Ω–µ–±–µ—Å–Ω–æ–≥–æ —Ä—É—Å–æ—Ä—ñ–∑—É? –ü—Ä–∏—î–¥–Ω—É–π—Ç–µ—Å—å –¥–æ –Ω–∞—à–æ–≥–æ –∑–±–æ—Ä—É
üëá
üîó
–ü–æ—Å–∏–ª–∞–Ω–Ω—è –Ω–∞ –±–∞–Ω–∫—É —Ç–∞ –Ω–æ–º–µ—Ä –∫–∞—Ä—Ç–∫–∏:
https://linktr.ee/54rubpak
PayPal: rubpak54ombr@gmail.com
‚ù§Ô∏è‚Äçü©π
–©–æ–± –ø—ñ–¥—Ç—Ä–∏–º–∞—Ç–∏ –∑–±—ñ—Ä, –º–æ–∂–Ω–∞ –∑–∞–∫–∏–Ω—É—Ç–∏ 5-10-15 –≥—Ä–∏–≤–µ–Ω—å, –∞–¥–∂–µ –∫–æ–∂–Ω–∞ –≥—Ä–∏–≤–Ω—è –≤–∞–∂–ª–∏–≤–∞
–î—è–∫—É—î–º–æ –∑–∞ –ø—ñ–¥—Ç—Ä–∏–º–∫—É —Ç–∞ –¥–æ–Ω–∞—Ç–∏!",https://t.me/rubpak54/202,1,
post,102,rubpak54,203,,"–ü—Ä–∞—Ü—é—î–º–æ –≤–∞—à–∏–º–∏ FPV —É –Ω–µ–±—ñ —Ç–∞ –Ω–∞ –∑–µ–º–ª—ñ
–•–æ—á–µ—Ç–µ –±—ñ–ª—å—à–µ –Ω–µ–±–µ—Å–Ω–æ–≥–æ —Ä—É—Å–æ—Ä—ñ–∑—É? –ü—Ä–∏—î–¥–Ω—É–π—Ç–µ—Å—å –¥–æ –Ω–∞—à–æ–≥–æ –∑–±–æ—Ä—É
üëá
üîó
–ü–æ—Å–∏–ª–∞–Ω–Ω—è –Ω–∞ –±–∞–Ω–∫—É —Ç–∞ –Ω–æ–º–µ—Ä –∫–∞—Ä—Ç–∫–∏:
https://linktr.ee/54rubpak
PayPal: rubpak54ombr@gmail.com
‚ù§Ô∏è‚Äçü©π
–©–æ–± –ø—ñ–¥—Ç—Ä–∏–º–∞—Ç–∏ –∑–±—ñ—Ä, –º–æ–∂–Ω–∞ –∑–∞–∫–∏–Ω—É—Ç–∏ 5-10-15 –≥—Ä–∏–≤–µ–Ω—å, –∞–¥–∂–µ –∫–æ–∂–Ω–∞ –≥—Ä–∏–≤–Ω—è –≤–∞–∂–ª–∏–≤–∞
–î—è–∫—É—î–º–æ –∑–∞ –ø—ñ–¥—Ç—Ä–∏–º–∫—É —Ç–∞ –¥–æ–Ω–∞—Ç–∏!",https://t.me/rubpak54/203,1,
post,103,rubpak54,204,,"–î—è–∫—É—î–º–æ —É—á–Ω—è–º 160 –ª—ñ—Ü–µ—é –º—ñ—Å—Ç–∞ –•–∞—Ä–∫—ñ–≤!
–•–æ—á–µ—Ç–µ –±—ñ–ª—å—à–µ –¥–æ—Ö–ª–∏—Ö –∫–∞—Ü–∞–ø—ñ–≤? –ü—Ä–∏—î–¥–Ω—É–π—Ç–µ—Å—å –¥–æ –Ω–∞—à–æ–≥–æ –∑–±–æ—Ä—É
üëá
üîó
–ü–æ—Å–∏–ª–∞–Ω–Ω—è –Ω–∞ –±–∞–Ω–∫—É —Ç–∞ –Ω–æ–º–µ—Ä –∫–∞—Ä—Ç–∫–∏:
https://linktr.ee/54rubpak
PayPal: rubpak54ombr@gmail.com
‚ù§Ô∏è‚Äçü©π
–©–æ–± –ø—ñ–¥—Ç—Ä–∏–º–∞—Ç–∏ –∑–±—ñ—Ä, –º–æ–∂–Ω–∞ –∑–∞–∫–∏–Ω—É—Ç–∏ 5-10-15 –≥—Ä–∏–≤–µ–Ω—å, –∞–¥–∂–µ –∫–æ–∂–Ω–∞ –≥—Ä–∏–≤–Ω—è –≤–∞–∂–ª–∏–≤–∞
–î—è–∫—É—î–º–æ –∑–∞ –ø—ñ–¥—Ç—Ä–∏–º–∫—É —Ç–∞ –¥–æ–Ω–∞—Ç–∏!",https://t.me/rubpak54/204,0,
post,105,rubpak54,206,,"–ü—Ä–∞—Ü—é—î–º–æ –±–µ–∑ –≤–∏—Ö—ñ–¥–Ω–∏—Ö –≤–∞—à–∏–º–∏ FPV
–•–æ—á–µ—Ç–µ –±—ñ–ª—å—à–µ –¥–æ—Ö–ª–∏—Ö –∫–∞—Ü–∞–ø—ñ–≤? –ü—Ä–∏—î–¥–Ω—É–π—Ç–µ—Å—å –¥–æ –Ω–∞—à–æ–≥–æ –∑–±–æ—Ä—É
üëá
üîó
–ü–æ—Å–∏–ª–∞–Ω–Ω—è –Ω–∞ –±–∞–Ω–∫—É —Ç–∞ –Ω–æ–º–µ—Ä –∫–∞—Ä—Ç–∫–∏:
https://linktr.ee/54rubpak
PayPal: rubpak54ombr@gmail.com
‚ù§Ô∏è‚Äçü©π
–©–æ–± –ø—ñ–¥—Ç—Ä–∏–º–∞—Ç–∏ –∑–±—ñ—Ä, –º–æ–∂–Ω–∞ –∑–∞–∫–∏–Ω—É—Ç–∏ 5-10-15 –≥—Ä–∏–≤–µ–Ω—å, –∞–¥–∂–µ –∫–æ–∂–Ω–∞ –≥—Ä–∏–≤–Ω—è –≤–∞–∂–ª–∏–≤–∞
–î—è–∫—É—î–º–æ –∑–∞ –ø—ñ–¥—Ç—Ä–∏–º–∫—É —Ç–∞ –¥–æ–Ω–∞—Ç–∏!",https://t.me/rubpak54/206,0,
post,106,rubpak54,207,,"–ü—Ä–∏ –∫–æ—Ä–µ–≥—É–≤–∞–Ω–Ω—ñ –ë–ë–° ""–ù–µ–±–µ—Å–Ω–∞ –ö–∞—Ä–∞"" –±—É–≤ –∑–Ω–∏—â–µ–Ω–∏–π 2–°7 ""–ü–Ü–û–ù"" –∑ –æ—Å–æ–±–æ–≤–∏–º —Å–∫–ª–∞–¥–æ–º –ø—Ä–æ—Ç–∏–≤–Ω–∏–∫–∞ —Ç–∞ –ë–ö!
–•–æ—á–µ—Ç–µ –±—ñ–ª—å—à–µ –ø–æ–¥—ñ–±–Ω–∏—Ö –≤—ñ–¥–µ–æ? –ü—Ä–∏—î–¥–Ω—É–π—Ç–µ—Å—å –¥–æ –Ω–∞—à–æ–≥–æ –∑–±–æ—Ä—É
üëá
üîó
–ü–æ—Å–∏–ª–∞–Ω–Ω—è –Ω–∞ –±–∞–Ω–∫—É —Ç–∞ –Ω–æ–º–µ—Ä –∫–∞—Ä—Ç–∫–∏:
https://linktr.ee/54rubpak
PayPal: rubpak54ombr@gmail.com
‚ù§Ô∏è‚Äçü©π
–©–æ–± –ø—ñ–¥—Ç—Ä–∏–º–∞—Ç–∏ –∑–±—ñ—Ä, –º–æ–∂–Ω–∞ –∑–∞–∫–∏–Ω—É—Ç–∏ 5-10-15 –≥—Ä–∏–≤–µ–Ω—å, –∞–¥–∂–µ –∫–æ–∂–Ω–∞ –≥—Ä–∏–≤–Ω—è –≤–∞–∂–ª–∏–≤–∞
–î—è–∫—É—î–º–æ –∑–∞ –ø—ñ–¥—Ç—Ä–∏–º–∫—É —Ç–∞ –¥–æ–Ω–∞—Ç–∏!",https://t.me/rubpak54/207,0,
post,107,rubpak54,208,,"–ü—Ä–∞—Ü—é—î–º–æ –≤–∞—à–∏–º–∏ FPV
üî•
–ö–æ–∂–Ω–∞ –≥—Ä–∏–≤–Ω—è —Ç–æ—á–Ω–æ –≤ —Ü—ñ–ª—å
üéØ
–•–æ—á–µ—Ç–µ –±—ñ–ª—å—à–µ –¥–æ—Ö–ª–∏—Ö –∫–∞—Ü–∞–ø—ñ–≤? –ü—Ä–∏—î–¥–Ω—É–π—Ç–µ—Å—å –¥–æ –Ω–∞—à–æ–≥–æ –∑–±–æ—Ä—É
üëá
üîó
–ü–æ—Å–∏–ª–∞–Ω–Ω—è –Ω–∞ –±–∞–Ω–∫—É —Ç–∞ –Ω–æ–º–µ—Ä –∫–∞—Ä—Ç–∫–∏:
https://linktr.ee/54rubpak
PayPal: rubpak54ombr@gmail.com
‚ù§Ô∏è‚Äçü©π
–©–æ–± –ø—ñ–¥—Ç—Ä–∏–º–∞—Ç–∏ –∑–±—ñ—Ä, –º–æ–∂–Ω–∞ –∑–∞–∫–∏–Ω—É—Ç–∏ 5-10-15 –≥—Ä–∏–≤–µ–Ω—å, –∞–¥–∂–µ –∫–æ–∂–Ω–∞ –≥—Ä–∏–≤–Ω—è –≤–∞–∂–ª–∏–≤–∞
–î—è–∫—É—î–º–æ –∑–∞ –ø—ñ–¥—Ç—Ä–∏–º–∫—É —Ç–∞ –¥–æ–Ω–∞—Ç–∏!",https://t.me/rubpak54/208,0,
post,109,rubpak54,210,,"–¢–≤—ñ–π –¥–æ–Ω–∞—Ç - –≤–∫–ª–∞–¥ –≤ –ü–µ—Ä–µ–º–æ–≥—É!
–•–æ—á–µ—à –±—ñ–ª—å—à–µ –ø–æ–¥—ñ–±–Ω–∏—Ö –≤—ñ–¥–µ–æ? –ü—Ä–∏—î–¥–Ω—É–π—Ç–µ—Å—å –¥–æ –Ω–∞—à–æ–≥–æ –∑–±–æ—Ä—É
üëá
üîó
–ü–æ—Å–∏–ª–∞–Ω–Ω—è –Ω–∞ –±–∞–Ω–∫—É —Ç–∞ –Ω–æ–º–µ—Ä –∫–∞—Ä—Ç–∫–∏:
https://linktr.ee/54rubpak
PayPal: rubpak54ombr@gmail.com
‚ù§Ô∏è‚Äçü©π
–©–æ–± –ø—ñ–¥—Ç—Ä–∏–º–∞—Ç–∏ –∑–±—ñ—Ä, –º–æ–∂–Ω–∞ –∑–∞–∫–∏–Ω—É—Ç–∏ 5-10-15 –≥—Ä–∏–≤–µ–Ω—å, –∞–¥–∂–µ –∫–æ–∂–Ω–∞ –≥—Ä–∏–≤–Ω—è –≤–∞–∂–ª–∏–≤–∞
–î—è–∫—É—î–º–æ –∑–∞ –ø—ñ–¥—Ç—Ä–∏–º–∫—É —Ç–∞ –¥–æ–Ω–∞—Ç–∏!",https://t.me/rubpak54/210,0,
post,110,rubpak54,211,,"–¢–≤—ñ–π –¥–æ–Ω–∞—Ç - –≤–∫–ª–∞–¥ –≤ –ü–µ—Ä–µ–º–æ–≥—É!
–ß–∞—Å—Ç–∏–Ω–∞ 2
–•–æ—á–µ—à –±—ñ–ª—å—à–µ –ø–æ–¥—ñ–±–Ω–∏—Ö –≤—ñ–¥–µ–æ? –ü—Ä–∏—î–¥–Ω—É–π—Ç–µ—Å—å –¥–æ –Ω–∞—à–æ–≥–æ –∑–±–æ—Ä—É
üëá
üîó
–ü–æ—Å–∏–ª–∞–Ω–Ω—è –Ω–∞ –±–∞–Ω–∫—É —Ç–∞ –Ω–æ–º–µ—Ä –∫–∞—Ä—Ç–∫–∏:
https://linktr.ee/54rubpak
PayPal: rubpak54ombr@gmail.com
‚ù§Ô∏è‚Äçü©π
–©–æ–± –ø—ñ–¥—Ç—Ä–∏–º–∞—Ç–∏ –∑–±—ñ—Ä, –º–æ–∂–Ω–∞ –∑–∞–∫–∏–Ω—É—Ç–∏ 5-10-15 –≥—Ä–∏–≤–µ–Ω—å, –∞–¥–∂–µ –∫–æ–∂–Ω–∞ –≥—Ä–∏–≤–Ω—è –≤–∞–∂–ª–∏–≤–∞
–î—è–∫—É—î–º–æ –∑–∞ –ø—ñ–¥—Ç—Ä–∏–º–∫—É —Ç–∞ –¥–æ–Ω–∞—Ç–∏!",https://t.me/rubpak54/211,0,
post,111,rubpak54,212,,"–ú–∏ –∂–∏–≤–µ–º–æ, –ø–æ–∫–∏ –±–æ—Ä–µ–º–æ—Å—è
–•–æ—á–µ—à –±—ñ–ª—å—à–µ –ø–æ–¥—ñ–±–Ω–∏—Ö –≤—ñ–¥–µ–æ? –ü—Ä–∏—î–¥–Ω—É–π—Ç–µ—Å—å –¥–æ –Ω–∞—à–æ–≥–æ –∑–±–æ—Ä—É
üëá
üîó
–ü–æ—Å–∏–ª–∞–Ω–Ω—è –Ω–∞ –±–∞–Ω–∫—É —Ç–∞ –Ω–æ–º–µ—Ä –∫–∞—Ä—Ç–∫–∏:
https://linktr.ee/54rubpak
PayPal: rubpak54ombr@gmail.com
‚ù§Ô∏è‚Äçü©π
–©–æ–± –ø—ñ–¥—Ç—Ä–∏–º–∞—Ç–∏ –∑–±—ñ—Ä, –º–æ–∂–Ω–∞ –∑–∞–∫–∏–Ω—É—Ç–∏ 5-10-15 –≥—Ä–∏–≤–µ–Ω—å, –∞–¥–∂–µ –∫–æ–∂–Ω–∞ –≥—Ä–∏–≤–Ω—è –≤–∞–∂–ª–∏–≤–∞
–î—è–∫—É—î–º–æ –∑–∞ –ø—ñ–¥—Ç—Ä–∏–º–∫—É —Ç–∞ –¥–æ–Ω–∞—Ç–∏!",https://t.me/rubpak54/212,0,
post,113,rubpak54,214,,"–ë–æ–π–æ–≤–∞ –ñ–∏—Ä–Ω–∞ –ü–∞–Ω–¥–∞
üêº
–•–æ—á–µ—à –±—ñ–ª—å—à–µ –ø–æ–¥—ñ–±–Ω–∏—Ö –≤—ñ–¥–µ–æ? –ü—Ä–∏—î–¥–Ω—É–π—Ç–µ—Å—å –¥–æ –Ω–∞—à–æ–≥–æ –∑–±–æ—Ä—É
üëá
üîó
–ü–æ—Å–∏–ª–∞–Ω–Ω—è –Ω–∞ –±–∞–Ω–∫—É —Ç–∞ –Ω–æ–º–µ—Ä –∫–∞—Ä—Ç–∫–∏:
https://linktr.ee/54rubpak
PayPal: rubpak54ombr@gmail.com
‚ù§Ô∏è‚Äçü©π
–©–æ–± –ø—ñ–¥—Ç—Ä–∏–º–∞—Ç–∏ –∑–±—ñ—Ä, –º–æ–∂–Ω–∞ –∑–∞–∫–∏–Ω—É—Ç–∏ 5-10-15 –≥—Ä–∏–≤–µ–Ω—å, –∞–¥–∂–µ –∫–æ–∂–Ω–∞ –≥—Ä–∏–≤–Ω—è –≤–∞–∂–ª–∏–≤–∞
–î—è–∫—É—î–º–æ –∑–∞ –ø—ñ–¥—Ç—Ä–∏–º–∫—É —Ç–∞ –¥–æ–Ω–∞—Ç–∏!",https://t.me/rubpak54/214,0,
post,115,rubpak54,220,,"–ù–µ –¥–∞—î–º–æ —Ä—É—Å–Ω—ñ —Å–ø–∞—Ç–∏ –≤–Ω–æ—á—ñ
üòà
–•–æ—á–µ—à –±—ñ–ª—å—à–µ –ø–æ–¥—ñ–±–Ω–∏—Ö –≤—ñ–¥–µ–æ? –ü—Ä–∏—î–¥–Ω—É–π—Ç–µ—Å—å –¥–æ –Ω–∞—à–æ–≥–æ –∑–±–æ—Ä—É
üëá
üîó
–ü–æ—Å–∏–ª–∞–Ω–Ω—è –Ω–∞ –±–∞–Ω–∫—É —Ç–∞ –Ω–æ–º–µ—Ä –∫–∞—Ä—Ç–∫–∏:
https://linktr.ee/54rubpak
PayPal: rubpak54ombr@gmail.com
‚ù§Ô∏è‚Äçü©π
–©–æ–± –ø—ñ–¥—Ç—Ä–∏–º–∞—Ç–∏ –∑–±—ñ—Ä, –º–æ–∂–Ω–∞ –∑–∞–∫–∏–Ω—É—Ç–∏ 5-10-15 –≥—Ä–∏–≤–µ–Ω—å, –∞–¥–∂–µ –∫–æ–∂–Ω–∞ –≥—Ä–∏–≤–Ω—è –≤–∞–∂–ª–∏–≤–∞
–î—è–∫—É—î–º–æ –∑–∞ –ø—ñ–¥—Ç—Ä–∏–º–∫—É —Ç–∞ –¥–æ–Ω–∞—Ç–∏!",https://t.me/rubpak54/220,0,
post,116,rubpak54,221,,"–ö–∞–∑–∞–ª–∏ –∂ –π–æ–º—É: ¬´–ù–µ —Å—Ç—ñ–π –ø–æ—Å–µ—Ä–µ–¥ –¥–æ—Ä–æ–≥–∏, –∑—ñ–± º—é—Ç—å!¬ª
–•–æ—á–µ—Ç–µ –±—ñ–ª—å—à–µ –¥–æ—Ö–ª–∏—Ö –∫–∞—Ü–∞–ø—ñ–≤? –ü—Ä–∏—î–¥–Ω—É–π—Ç–µ—Å—å –¥–æ –Ω–∞—à–æ–≥–æ –∑–±–æ—Ä—É
üëá
üîó
–ü–æ—Å–∏–ª–∞–Ω–Ω—è –Ω–∞ –±–∞–Ω–∫—É —Ç–∞ –Ω–æ–º–µ—Ä –∫–∞—Ä—Ç–∫–∏:
https://linktr.ee/54rubpak
PayPal: rubpak54ombr@gmail.com
‚ù§Ô∏è‚Äçü©π
–©–æ–± –ø—ñ–¥—Ç—Ä–∏–º–∞—Ç–∏ –∑–±—ñ—Ä, –º–æ–∂–Ω–∞ –∑–∞–∫–∏–Ω—É—Ç–∏ 5-10-15 –≥—Ä–∏–≤–µ–Ω—å, –∞–¥–∂–µ –∫–æ–∂–Ω–∞ –≥—Ä–∏–≤–Ω—è –≤–∞–∂–ª–∏–≤–∞
–î—è–∫—É—î–º–æ –∑–∞ –ø—ñ–¥—Ç—Ä–∏–º–∫—É —Ç–∞ –¥–æ–Ω–∞—Ç–∏!",https://t.me/rubpak54/221,0,
post,117,rubpak54,174,,"–°–≤–æ—é –ø–æ–ø—É–ª—è—Ä–Ω—ñ—Å—Ç—å –º–∏ –∑–∞–≤–æ—é–≤–∞–ª–∏ –≤–∞–∂–∫–æ—é –ø—Ä–∞—Ü–µ—é, –Ω—ñ—è–∫ —ñ–Ω–∞–∫—à–µ
üò§
–•–æ—á–µ—Ç–µ –±—ñ–ª—å—à–µ –¥–æ—Ö–ª–∏—Ö –∫–∞—Ü–∞–ø—ñ–≤? –ü—Ä–∏—î–¥–Ω—É–π—Ç–µ—Å—å –¥–æ –Ω–∞—à–æ–≥–æ –∑–±–æ—Ä—É
üëá
üîó
–ü–æ—Å–∏–ª–∞–Ω–Ω—è –Ω–∞ –±–∞–Ω–∫—É —Ç–∞ –Ω–æ–º–µ—Ä –∫–∞—Ä—Ç–∫–∏:
https://linktr.ee/54rubpak
PayPal: rubpak54ombr@gmail.com
‚ù§Ô∏è‚Äçü©π
–©–æ–± –ø—ñ–¥—Ç—Ä–∏–º–∞—Ç–∏ –∑–±—ñ—Ä, –º–æ–∂–Ω–∞ –∑–∞–∫–∏–Ω—É—Ç–∏ 5-10-15 –≥—Ä–∏–≤–µ–Ω—å, –∞–¥–∂–µ –∫–æ–∂–Ω–∞ –≥—Ä–∏–≤–Ω—è –≤–∞–∂–ª–∏–≤–∞
–î—è–∫—É—î–º–æ –∑–∞ –ø—ñ–¥—Ç—Ä–∏–º–∫—É —Ç–∞ –¥–æ–Ω–∞—Ç–∏!",https://t.me/rubpak54/174,1,
post,118,rubpak54,175,,"–í—Å—ñ –º–∏ —Ç–∞–∫—ñ
üòà
–•–æ—á–µ—Ç–µ –±—ñ–ª—å—à–µ –¥–æ—Ö–ª–∏—Ö –∫–∞—Ü–∞–ø—ñ–≤? –ü—Ä–∏—î–¥–Ω—É–π—Ç–µ—Å—å –¥–æ –Ω–∞—à–æ–≥–æ –∑–±–æ—Ä—É
üëá
üîó
–ü–æ—Å–∏–ª–∞–Ω–Ω—è –Ω–∞ –±–∞–Ω–∫—É —Ç–∞ –Ω–æ–º–µ—Ä –∫–∞—Ä—Ç–∫–∏:
https://linktr.ee/54rubpak
PayPal: rubpak54ombr@gmail.com
‚ù§Ô∏è‚Äçü©π
–©–æ–± –ø—ñ–¥—Ç—Ä–∏–º–∞—Ç–∏ –∑–±—ñ—Ä, –º–æ–∂–Ω–∞ –∑–∞–∫–∏–Ω—É—Ç–∏ 5-10-15 –≥—Ä–∏–≤–µ–Ω—å, –∞–¥–∂–µ –∫–æ–∂–Ω–∞ –≥—Ä–∏–≤–Ω—è –≤–∞–∂–ª–∏–≤–∞
–î—è–∫—É—î–º–æ –∑–∞ –ø—ñ–¥—Ç—Ä–∏–º–∫—É —Ç–∞ –¥–æ–Ω–∞—Ç–∏!",https://t.me/rubpak54/175,0,
post,119,rubpak54,176,,"–ß–∞—Å–æ–º –¥—É–∂–µ –≤–∞–∂–∫–æ —Å—Ç—Ä–∏–º–∞—Ç–∏—Å—å
üòà
–•–æ—á–µ—Ç–µ –±—ñ–ª—å—à–µ –¥–æ—Ö–ª–∏—Ö –∫–∞—Ü–∞–ø—ñ–≤? –ü—Ä–∏—î–¥–Ω—É–π—Ç–µ—Å—å –¥–æ –Ω–∞—à–æ–≥–æ –∑–±–æ—Ä—É
üëá
üîó
–ü–æ—Å–∏–ª–∞–Ω–Ω—è –Ω–∞ –±–∞–Ω–∫—É —Ç–∞ –Ω–æ–º–µ—Ä –∫–∞—Ä—Ç–∫–∏:
https://linktr.ee/54rubpak
PayPal: rubpak54ombr@gmail.com
‚ù§Ô∏è‚Äçü©π
–©–æ–± –ø—ñ–¥—Ç—Ä–∏–º–∞—Ç–∏ –∑–±—ñ—Ä, –º–æ–∂–Ω–∞ –∑–∞–∫–∏–Ω—É—Ç–∏ 5-10-15 –≥—Ä–∏–≤–µ–Ω—å, –∞–¥–∂–µ –∫–æ–∂–Ω–∞ –≥—Ä–∏–≤–Ω—è –≤–∞–∂–ª–∏–≤–∞
–î—è–∫—É—î–º–æ –∑–∞ –ø—ñ–¥—Ç—Ä–∏–º–∫—É —Ç–∞ –¥–æ–Ω–∞—Ç–∏!",https://t.me/rubpak54/176,0,
post,121,rubpak54,178,,"–ó–≤—ñ—Ç —Ä–æ–±–æ—Ç–∏ –≤–∞—à–∏—Ö FPV –∑–∞ –ª–∏–ø–µ–Ω—å
–•–æ—á–µ—Ç–µ –±—ñ–ª—å—à–µ –¥–æ—Ö–ª–∏—Ö –∫–∞—Ü–∞–ø—ñ–≤? –ü—Ä–∏—î–¥–Ω—É–π—Ç–µ—Å—å –¥–æ –Ω–∞—à–æ–≥–æ –∑–±–æ—Ä—É
üëá
üîó
–ü–æ—Å–∏–ª–∞–Ω–Ω—è –Ω–∞ –±–∞–Ω–∫—É —Ç–∞ –Ω–æ–º–µ—Ä –∫–∞—Ä—Ç–∫–∏:
https://linktr.ee/54rubpak
PayPal: rubpak54ombr@gmail.com
‚ù§Ô∏è‚Äçü©π
–©–æ–± –ø—ñ–¥—Ç—Ä–∏–º–∞—Ç–∏ –∑–±—ñ—Ä, –º–æ–∂–Ω–∞ –∑–∞–∫–∏–Ω—É—Ç–∏ 5-10-15 –≥—Ä–∏–≤–µ–Ω—å, –∞–¥–∂–µ –∫–æ–∂–Ω–∞ –≥—Ä–∏–≤–Ω—è –≤–∞–∂–ª–∏–≤–∞
–î—è–∫—É—î–º–æ –∑–∞ –ø—ñ–¥—Ç—Ä–∏–º–∫—É —Ç–∞ –¥–æ–Ω–∞—Ç–∏!",https://t.me/rubpak54/178,0,
post,123,rubpak54,180,,"üò¢
–•–æ—á–µ—Ç–µ –±—ñ–ª—å—à–µ –¥–æ—Ö–ª–∏—Ö –∫–∞—Ü–∞–ø—ñ–≤? –ü—Ä–∏—î–¥–Ω—É–π—Ç–µ—Å—å –¥–æ –Ω–∞—à–æ–≥–æ –∑–±–æ—Ä—É
üëá
üîó
–ü–æ—Å–∏–ª–∞–Ω–Ω—è –Ω–∞ –±–∞–Ω–∫—É —Ç–∞ –Ω–æ–º–µ—Ä –∫–∞—Ä—Ç–∫–∏:
https://linktr.ee/54rubpak
PayPal: rubpak54ombr@gmail.com
‚ù§Ô∏è‚Äçü©π
–©–æ–± –ø—ñ–¥—Ç—Ä–∏–º–∞—Ç–∏ –∑–±—ñ—Ä, –º–æ–∂–Ω–∞ –∑–∞–∫–∏–Ω—É—Ç–∏ 5-10-15 –≥—Ä–∏–≤–µ–Ω—å, –∞–¥–∂–µ –∫–æ–∂–Ω–∞ –≥—Ä–∏–≤–Ω—è –≤–∞–∂–ª–∏–≤–∞
–î—è–∫—É—î–º–æ –∑–∞ –ø—ñ–¥—Ç—Ä–∏–º–∫—É —Ç–∞ –¥–æ–Ω–∞—Ç–∏!",https://t.me/rubpak54/180,0,
post,124,rubpak54,181,,"–Ñ —Ç—Ä–æ—à–∫–∏
ü§™
–•–æ—á–µ—Ç–µ –±—ñ–ª—å—à–µ –¥–æ—Ö–ª–∏—Ö –∫–∞—Ü–∞–ø—ñ–≤? –ü—Ä–∏—î–¥–Ω—É–π—Ç–µ—Å—å –¥–æ –Ω–∞—à–æ–≥–æ –∑–±–æ—Ä—É
üëá
üîó
–ü–æ—Å–∏–ª–∞–Ω–Ω—è –Ω–∞ –±–∞–Ω–∫—É —Ç–∞ –Ω–æ–º–µ—Ä –∫–∞—Ä—Ç–∫–∏:
https://linktr.ee/54rubpak
PayPal: rubpak54ombr@gmail.com
‚ù§Ô∏è‚Äçü©π
–©–æ–± –ø—ñ–¥—Ç—Ä–∏–º–∞—Ç–∏ –∑–±—ñ—Ä, –º–æ–∂–Ω–∞ –∑–∞–∫–∏–Ω—É—Ç–∏ 5-10-15 –≥—Ä–∏–≤–µ–Ω—å, –∞–¥–∂–µ –∫–æ–∂–Ω–∞ –≥—Ä–∏–≤–Ω—è –≤–∞–∂–ª–∏–≤–∞
–î—è–∫—É—î–º–æ –∑–∞ –ø—ñ–¥—Ç—Ä–∏–º–∫—É —Ç–∞ –¥–æ–Ω–∞—Ç–∏!",https://t.me/rubpak54/181,0,
post,127,rubpak54,184,,"–î–ª—è –Ω–∞—Å—Ç—Ä–æ—é
ü§©
–•–æ—á–µ—Ç–µ –±—ñ–ª—å—à–µ –¥–æ—Ö–ª–∏—Ö –∫–∞—Ü–∞–ø—ñ–≤? –ü—Ä–∏—î–¥–Ω—É–π—Ç–µ—Å—å –¥–æ –Ω–∞—à–æ–≥–æ –∑–±–æ—Ä—É
üëá
üîó
–ü–æ—Å–∏–ª–∞–Ω–Ω—è –Ω–∞ –±–∞–Ω–∫—É —Ç–∞ –Ω–æ–º–µ—Ä –∫–∞—Ä—Ç–∫–∏:
https://linktr.ee/54rubpak
PayPal: rubpak54ombr@gmail.com
‚ù§Ô∏è‚Äçü©π
–©–æ–± –ø—ñ–¥—Ç—Ä–∏–º–∞—Ç–∏ –∑–±—ñ—Ä, –º–æ–∂–Ω–∞ –∑–∞–∫–∏–Ω—É—Ç–∏ 5-10-15 –≥—Ä–∏–≤–µ–Ω—å, –∞–¥–∂–µ –∫–æ–∂–Ω–∞ –≥—Ä–∏–≤–Ω—è –≤–∞–∂–ª–∏–≤–∞
–î—è–∫—É—î–º–æ –∑–∞ –ø—ñ–¥—Ç—Ä–∏–º–∫—É —Ç–∞ –¥–æ–Ω–∞—Ç–∏!",https://t.me/rubpak54/184,0,
post,129,rubpak54,194,,"–ó–±–∏—Ä–∞—î–º–æ –Ω–∞ –ë–ü–õ–ö ¬´–î–∞—Ä—Ç—Å¬ª –¥–ª—è —â–µ –µ—Ñ–µ–∫—Ç–∏–≤–Ω—ñ—à–æ–≥–æ –∑–Ω–∏—â–µ–Ω–Ω—è –≤–æ—Ä–æ–≥–∞
üëá
üîó
–ü–æ—Å–∏–ª–∞–Ω–Ω—è –Ω–∞ –±–∞–Ω–∫—É —Ç–∞ –Ω–æ–º–µ—Ä –∫–∞—Ä—Ç–∫–∏:
https://linktr.ee/54rubpak
PayPal: rubpak54ombr@gmail.com
‚ù§Ô∏è‚Äçü©π
–©–æ–± –ø—ñ–¥—Ç—Ä–∏–º–∞—Ç–∏ –∑–±—ñ—Ä, –º–æ–∂–Ω–∞ –∑–∞–∫–∏–Ω—É—Ç–∏ 5-10-15 –≥—Ä–∏–≤–µ–Ω—å, –∞–¥–∂–µ –∫–æ–∂–Ω–∞ –≥—Ä–∏–≤–Ω—è –≤–∞–∂–ª–∏–≤–∞
–î—è–∫—É—î–º–æ –∑–∞ –ø—ñ–¥—Ç—Ä–∏–º–∫—É —Ç–∞ –¥–æ–Ω–∞—Ç–∏!",https://t.me/rubpak54/194,0,
post,130,rubpak54,195,,"–Ø–∫ —à—Ç—É—á–Ω–∏–π —ñ–Ω—Ç–µ–ª–µ–∫—Ç –∑–º—ñ–Ω–∏—Ç—å –≤—ñ–π–Ω–∏ –º–∞–π–±—É—Ç–Ω—å–æ–≥–æ
–•–æ—á–µ—Ç–µ –±—ñ–ª—å—à–µ –¥–æ—Ö–ª–∏—Ö –∫–∞—Ü–∞–ø—ñ–≤? –ü—Ä–∏—î–¥–Ω—É–π—Ç–µ—Å—å –¥–æ –Ω–∞—à–æ–≥–æ –∑–±–æ—Ä—É
üëá
üîó
–ü–æ—Å–∏–ª–∞–Ω–Ω—è –Ω–∞ –±–∞–Ω–∫—É —Ç–∞ –Ω–æ–º–µ—Ä –∫–∞—Ä—Ç–∫–∏:
https://linktr.ee/54rubpak
PayPal: rubpak54ombr@gmail.com
‚ù§Ô∏è‚Äçü©π
–©–æ–± –ø—ñ–¥—Ç—Ä–∏–º–∞—Ç–∏ –∑–±—ñ—Ä, –º–æ–∂–Ω–∞ –∑–∞–∫–∏–Ω—É—Ç–∏ 5-10-15 –≥—Ä–∏–≤–µ–Ω—å, –∞–¥–∂–µ –∫–æ–∂–Ω–∞ –≥—Ä–∏–≤–Ω—è –≤–∞–∂–ª–∏–≤–∞
–î—è–∫—É—î–º–æ –∑–∞ –ø—ñ–¥—Ç—Ä–∏–º–∫—É —Ç–∞ –¥–æ–Ω–∞—Ç–∏!",https://t.me/rubpak54/195,0,
post,131,rubpak54,196,,"–í—ñ–¥–∫—Ä–∏–≤–∞—î–º–æ –∑–±—ñ—Ä –Ω–∞ 150 FPV
üîó
–ü–æ—Å–∏–ª–∞–Ω–Ω—è –Ω–∞ –±–∞–Ω–∫—É —Ç–∞ –Ω–æ–º–µ—Ä –∫–∞—Ä—Ç–∫–∏:
https://linktr.ee/54rubpak
PayPal: rubpak54ombr@gmail.com
‚ù§Ô∏è‚Äçü©π
–©–æ–± –ø—ñ–¥—Ç—Ä–∏–º–∞—Ç–∏ –∑–±—ñ—Ä, –º–æ–∂–Ω–∞ –∑–∞–∫–∏–Ω—É—Ç–∏ 5-10-15 –≥—Ä–∏–≤–µ–Ω—å, –∞–¥–∂–µ –∫–æ–∂–Ω–∞ –≥—Ä–∏–≤–Ω—è –≤–∞–∂–ª–∏–≤–∞
–î—è–∫—É—î–º–æ –∑–∞ –ø—ñ–¥—Ç—Ä–∏–º–∫—É —Ç–∞ –¥–æ–Ω–∞—Ç–∏!",https://t.me/rubpak54/196,0,
post,132,rubpak54,197,,"–©–∏—Ä–æ –≤–¥—è—á–Ω—ñ —ñ–Ω—Ñ–æ—Ä–º–∞—Ü—ñ–π–Ω–æ–º—É —ñ–Ω—Ç–µ—Ä–Ω–µ—Ç-–ø–æ—Ä—Ç–∞–ª—É
Meta.ua
, –±–ª–∞–≥–æ–¥—ñ–π–Ω–æ–º—É —Ñ–æ–Ω–¥—É ""–¢–∏ –ø–æ—Ç—Ä—ñ–±–µ–Ω"" —Ç–∞ –ù–æ—Ä–±–µ—Ä—Ç—É –£–ª—é!
–•–æ—á–µ—Ç–µ –±—ñ–ª—å—à–µ –¥–æ—Ö–ª–∏—Ö –∫–∞—Ü–∞–ø—ñ–≤? –ü—Ä–∏—î–¥–Ω—É–π—Ç–µ—Å—å –¥–æ –Ω–∞—à–æ–≥–æ –∑–±–æ—Ä—É
üëá
üîó
–ü–æ—Å–∏–ª–∞–Ω–Ω—è –Ω–∞ –±–∞–Ω–∫—É —Ç–∞ –Ω–æ–º–µ—Ä –∫–∞—Ä—Ç–∫–∏:
https://linktr.ee/54rubpak
PayPal: rubpak54ombr@gmail.com
‚ù§Ô∏è‚Äçü©π
–©–æ–± –ø—ñ–¥—Ç—Ä–∏–º–∞—Ç–∏ –∑–±—ñ—Ä, –º–æ–∂–Ω–∞ –∑–∞–∫–∏–Ω—É—Ç–∏ 5-10-15 –≥—Ä–∏–≤–µ–Ω—å, –∞–¥–∂–µ –∫–æ–∂–Ω–∞ –≥—Ä–∏–≤–Ω—è –≤–∞–∂–ª–∏–≤–∞
–î—è–∫—É—î–º–æ –∑–∞ –ø—ñ–¥—Ç—Ä–∏–º–∫—É —Ç–∞ –¥–æ–Ω–∞—Ç–∏!",https://t.me/rubpak54/197,0,
post,133,rubpak54,198,,"–•—ñ–±–∞ –Ω–µ –≤ —Ü—å–æ–º—É —â–∞—Å—Ç—è?
üòé
–•–æ—á–µ—Ç–µ –±—ñ–ª—å—à–µ –¥–æ—Ö–ª–∏—Ö –∫–∞—Ü–∞–ø—ñ–≤? –ü—Ä–∏—î–¥–Ω—É–π—Ç–µ—Å—å –¥–æ –Ω–∞—à–æ–≥–æ –∑–±–æ—Ä—É
üëá
üîó
–ü–æ—Å–∏–ª–∞–Ω–Ω—è –Ω–∞ –±–∞–Ω–∫—É —Ç–∞ –Ω–æ–º–µ—Ä –∫–∞—Ä—Ç–∫–∏:
https://linktr.ee/54rubpak
PayPal: rubpak54ombr@gmail.com
‚ù§Ô∏è‚Äçü©π
–©–æ–± –ø—ñ–¥—Ç—Ä–∏–º–∞—Ç–∏ –∑–±—ñ—Ä, –º–æ–∂–Ω–∞ –∑–∞–∫–∏–Ω—É—Ç–∏ 5-10-15 –≥—Ä–∏–≤–µ–Ω—å, –∞–¥–∂–µ –∫–æ–∂–Ω–∞ –≥—Ä–∏–≤–Ω—è –≤–∞–∂–ª–∏–≤–∞
–î—è–∫—É—î–º–æ –∑–∞ –ø—ñ–¥—Ç—Ä–∏–º–∫—É —Ç–∞ –¥–æ–Ω–∞—Ç–∏!",https://t.me/rubpak54/198,0,
post,134,rubpak54,199,,"–ü–æ–º—Å—Ç–∏–º–æ—Å—è –∑–∞ –•–∞—Ä–∫—ñ–≤!
–•–æ—á–µ—Ç–µ –±—ñ–ª—å—à–µ –¥–æ—Ö–ª–∏—Ö –∫–∞—Ü–∞–ø—ñ–≤? –ü—Ä–∏—î–¥–Ω—É–π—Ç–µ—Å—å –¥–æ –Ω–∞—à–æ–≥–æ –∑–±–æ—Ä—É
üëá
üîó
–ü–æ—Å–∏–ª–∞–Ω–Ω—è –Ω–∞ –±–∞–Ω–∫—É —Ç–∞ –Ω–æ–º–µ—Ä –∫–∞—Ä—Ç–∫–∏:
https://linktr.ee/54rubpak
PayPal: rubpak54ombr@gmail.com
‚ù§Ô∏è‚Äçü©π
–©–æ–± –ø—ñ–¥—Ç—Ä–∏–º–∞—Ç–∏ –∑–±—ñ—Ä, –º–æ–∂–Ω–∞ –∑–∞–∫–∏–Ω—É—Ç–∏ 5-10-15 –≥—Ä–∏–≤–µ–Ω—å, –∞–¥–∂–µ –∫–æ–∂–Ω–∞ –≥—Ä–∏–≤–Ω—è –≤–∞–∂–ª–∏–≤–∞
–î—è–∫—É—î–º–æ –∑–∞ –ø—ñ–¥—Ç—Ä–∏–º–∫—É —Ç–∞ –¥–æ–Ω–∞—Ç–∏!",https://t.me/rubpak54/199,0,
post,135,rubpak54,200,,"–¢–∞–º –≤–∏–∂–∏–≤–∞—é—Ç—å –ª–∏—à–µ –Ω–∞–π—Å–∏–ª—å–Ω—ñ—à—ñ
üòà
–•–æ—á–µ—Ç–µ –±—ñ–ª—å—à–µ –¥–æ—Ö–ª–∏—Ö –∫–∞—Ü–∞–ø—ñ–≤? –ü—Ä–∏—î–¥–Ω—É–π—Ç–µ—Å—å –¥–æ –Ω–∞—à–æ–≥–æ –∑–±–æ—Ä—É
üëá
üîó
–ü–æ—Å–∏–ª–∞–Ω–Ω—è –Ω–∞ –±–∞–Ω–∫—É —Ç–∞ –Ω–æ–º–µ—Ä –∫–∞—Ä—Ç–∫–∏:
https://linktr.ee/54rubpak
PayPal: rubpak54ombr@gmail.com
‚ù§Ô∏è‚Äçü©π
–©–æ–± –ø—ñ–¥—Ç—Ä–∏–º–∞—Ç–∏ –∑–±—ñ—Ä, –º–æ–∂–Ω–∞ –∑–∞–∫–∏–Ω—É—Ç–∏ 5-10-15 –≥—Ä–∏–≤–µ–Ω—å, –∞–¥–∂–µ –∫–æ–∂–Ω–∞ –≥—Ä–∏–≤–Ω—è –≤–∞–∂–ª–∏–≤–∞
–î—è–∫—É—î–º–æ –∑–∞ –ø—ñ–¥—Ç—Ä–∏–º–∫—É —Ç–∞ –¥–æ–Ω–∞—Ç–∏!",https://t.me/rubpak54/200,0,
post,136,rubpak54,201,,"–£ —Å–∞–º—É—Ä–∞—è –Ω–µ–º–∞—î —Ü—ñ–ª—ñ, –ª–∏—à–µ —à–ª—è—Ö
–•–æ—á–µ—Ç–µ –±—ñ–ª—å—à–µ –¥–æ—Ö–ª–∏—Ö –∫–∞—Ü–∞–ø—ñ–≤? –ü—Ä–∏—î–¥–Ω—É–π—Ç–µ—Å—å –¥–æ –Ω–∞—à–æ–≥–æ –∑–±–æ—Ä—É
üëá
üîó
–ü–æ—Å–∏–ª–∞–Ω–Ω—è –Ω–∞ –±–∞–Ω–∫—É —Ç–∞ –Ω–æ–º–µ—Ä –∫–∞—Ä—Ç–∫–∏:
https://linktr.ee/54rubpak
PayPal: rubpak54ombr@gmail.com
‚ù§Ô∏è‚Äçü©π
–©–æ–± –ø—ñ–¥—Ç—Ä–∏–º–∞—Ç–∏ –∑–±—ñ—Ä, –º–æ–∂–Ω–∞ –∑–∞–∫–∏–Ω—É—Ç–∏ 5-10-15 –≥—Ä–∏–≤–µ–Ω—å, –∞–¥–∂–µ –∫–æ–∂–Ω–∞ –≥—Ä–∏–≤–Ω—è –≤–∞–∂–ª–∏–≤–∞
–î—è–∫—É—î–º–æ –∑–∞ –ø—ñ–¥—Ç—Ä–∏–º–∫—É —Ç–∞ –¥–æ–Ω–∞—Ç–∏!",https://t.me/rubpak54/201,0,
post,137,rubpak54,153,,"–£—Å–ø—ñ—à–Ω–∞ —Ä–æ–±–æ—Ç–∞ –¥—É–∂–µ —Ç–æ–≤—Å—Ç–æ–≥–æ FPV
üí•
–•–æ—á–µ—Ç–µ –±—ñ–ª—å—à–µ –¥–æ—Ö–ª–∏—Ö –∫–∞—Ü–∞–ø—ñ–≤? –ü—Ä–∏—î–¥–Ω—É–π—Ç–µ—Å—å –¥–æ –Ω–∞—à–æ–≥–æ –∑–±–æ—Ä—É
üëá
üîó
–ü–æ—Å–∏–ª–∞–Ω–Ω—è –Ω–∞ –±–∞–Ω–∫—É —Ç–∞ –Ω–æ–º–µ—Ä –∫–∞—Ä—Ç–∫–∏:
https://linktr.ee/54rubpak
PayPal: rubpak54ombr@gmail.com
‚ù§Ô∏è‚Äçü©π
–©–æ–± –ø—ñ–¥—Ç—Ä–∏–º–∞—Ç–∏ –∑–±—ñ—Ä, –º–æ–∂–Ω–∞ –∑–∞–∫–∏–Ω—É—Ç–∏ 5-10-15 –≥—Ä–∏–≤–µ–Ω—å, –∞–¥–∂–µ –∫–æ–∂–Ω–∞ –≥—Ä–∏–≤–Ω—è –≤–∞–∂–ª–∏–≤–∞
–î—è–∫—É—î–º–æ –∑–∞ –ø—ñ–¥—Ç—Ä–∏–º–∫—É —Ç–∞ –¥–æ–Ω–∞—Ç–∏!",https://t.me/rubpak54/153,1,
post,139,rubpak54,155,,"""–î–µ–Ω—å –±–æ—é ‚Äî 20 FPV. –ì—Ä–æ—à—ñ –≤–µ–ª–∏–∫—ñ, –∞–ª–µ –π —Ü—ñ–Ω–∞ ‚Äî —ñ—Å–Ω—É–≤–∞–Ω–Ω—è –¥–µ—Ä–∂–∞–≤–∏"". –Ü–Ω—Ç–µ—Ä–≤'—é –∫–æ–º–±–∞—Ç–∞ ""–ù–µ–±–µ—Å–Ω–æ—ó –ö–∞—Ä–∏""
–•–æ—á–µ—Ç–µ –±—ñ–ª—å—à–µ –¥–æ—Ö–ª–∏—Ö –∫–∞—Ü–∞–ø—ñ–≤? –ü—Ä–∏—î–¥–Ω—É–π—Ç–µ—Å—å –¥–æ –Ω–∞—à–æ–≥–æ –∑–±–æ—Ä—É
üëá
üîó
–ü–æ—Å–∏–ª–∞–Ω–Ω—è –Ω–∞ –±–∞–Ω–∫—É —Ç–∞ –Ω–æ–º–µ—Ä –∫–∞—Ä—Ç–∫–∏:
https://linktr.ee/54rubpak
PayPal: rubpak54ombr@gmail.com
‚ù§Ô∏è‚Äçü©π
–©–æ–± –ø—ñ–¥—Ç—Ä–∏–º–∞—Ç–∏ –∑–±—ñ—Ä, –º–æ–∂–Ω–∞ –∑–∞–∫–∏–Ω—É—Ç–∏ 5-10-15 –≥—Ä–∏–≤–µ–Ω—å, –∞–¥–∂–µ –∫–æ–∂–Ω–∞ –≥—Ä–∏–≤–Ω—è –≤–∞–∂–ª–∏–≤–∞
–î—è–∫—É—î–º–æ –∑–∞ –ø—ñ–¥—Ç—Ä–∏–º–∫—É —Ç–∞ –¥–æ–Ω–∞—Ç–∏!",https://t.me/rubpak54/155,0,
post,140,rubpak54,157,,"–•–æ—á–µ–º–æ –ø–æ–¥—è–∫—É–≤–∞—Ç–∏ –ø—ñ–¥–ø–∏—Å–Ω–∏–∫–∞–º –í–∞—Å–∏–ª—è –ë–∞–π–¥–∞–∫–∞, –ö–æ—Å—Ç—ñ –¢—Ä–µ–º–±–æ–≤–µ—Ü—å–∫–æ–≥–æ —ñ Megogo –∑–∞ –¥–æ–Ω–∞—Ç–∏ –∑—ñ–±—Ä–∞–Ω—ñ –ø—ñ–¥ —á–∞—Å –∫–æ–º–µ–Ω—Ç—É–≤–∞–Ω–Ω—è —Ñ—É—Ç–±–æ–ª—É
–•–æ—á–µ—Ç–µ –±—ñ–ª—å—à–µ –¥–æ—Ö–ª–∏—Ö –∫–∞—Ü–∞–ø—ñ–≤? –ü—Ä–∏—î–¥–Ω—É–π—Ç–µ—Å—å –¥–æ –Ω–∞—à–æ–≥–æ –∑–±–æ—Ä—É
üëá
üîó
–ü–æ—Å–∏–ª–∞–Ω–Ω—è –Ω–∞ –±–∞–Ω–∫—É —Ç–∞ –Ω–æ–º–µ—Ä –∫–∞—Ä—Ç–∫–∏:
https://linktr.ee/54rubpak
PayPal: rubpak54ombr@gmail.com
‚ù§Ô∏è‚Äçü©π
–©–æ–± –ø—ñ–¥—Ç—Ä–∏–º–∞—Ç–∏ –∑–±—ñ—Ä, –º–æ–∂–Ω–∞ –∑–∞–∫–∏–Ω—É—Ç–∏ 5-10-15 –≥—Ä–∏–≤–µ–Ω—å, –∞–¥–∂–µ –∫–æ–∂–Ω–∞ –≥—Ä–∏–≤–Ω—è –≤–∞–∂–ª–∏–≤–∞
–î—è–∫—É—î–º–æ –∑–∞ –ø—ñ–¥—Ç—Ä–∏–º–∫—É —Ç–∞ –¥–æ–Ω–∞—Ç–∏!",https://t.me/rubpak54/157,0,
post,141,rubpak54,158,,"""–í—ñ—Ä–∞ –¥–æ–∑–≤–æ–ª—è—î –±–æ—Ä–æ–Ω–∏—Ç–∏ –£–∫—Ä–∞—ó–Ω—É"". –Ü—Å—Ç–æ—Ä—ñ—è –±—ñ–π—Ü—è, —è–∫–∏–π —Ä–æ–∑—Ä–æ–±–ª—è—î FPV-–¥—Ä–æ–Ω–∏ —É 54-–π –±—Ä–∏–≥–∞–¥—ñ
–•–æ—á–µ—Ç–µ –±—ñ–ª—å—à–µ –¥–æ—Ö–ª–∏—Ö –∫–∞—Ü–∞–ø—ñ–≤? –ü—Ä–∏—î–¥–Ω—É–π—Ç–µ—Å—å –¥–æ –Ω–∞—à–æ–≥–æ –∑–±–æ—Ä—É
üëá
üîó
–ü–æ—Å–∏–ª–∞–Ω–Ω—è –Ω–∞ –±–∞–Ω–∫—É —Ç–∞ –Ω–æ–º–µ—Ä –∫–∞—Ä—Ç–∫–∏:
https://linktr.ee/54rubpak
PayPal: rubpak54ombr@gmail.com
‚ù§Ô∏è‚Äçü©π
–©–æ–± –ø—ñ–¥—Ç—Ä–∏–º–∞—Ç–∏ –∑–±—ñ—Ä, –º–æ–∂–Ω–∞ –∑–∞–∫–∏–Ω—É—Ç–∏ 5-10-15 –≥—Ä–∏–≤–µ–Ω—å, –∞–¥–∂–µ –∫–æ–∂–Ω–∞ –≥—Ä–∏–≤–Ω—è –≤–∞–∂–ª–∏–≤–∞
–î—è–∫—É—î–º–æ –∑–∞ –ø—ñ–¥—Ç—Ä–∏–º–∫—É —Ç–∞ –¥–æ–Ω–∞—Ç–∏!",https://t.me/rubpak54/158,0,
post,143,rubpak54,161,,"–ü—Ä–∞—Ü—é—î–º–æ –±–µ–∑ –µ–ª–µ–∫—Ç—Ä–∏–∫–∏ 24/7 –≤–∞—à–∏–º–∏ FPV
‚ö°Ô∏è
–•–æ—á–µ—Ç–µ –±—ñ–ª—å—à–µ –¥–æ—Ö–ª–∏—Ö –∫–∞—Ü–∞–ø—ñ–≤? –ü—Ä–∏—î–¥–Ω—É–π—Ç–µ—Å—å –¥–æ –Ω–∞—à–æ–≥–æ –∑–±–æ—Ä—É
üëá
üîó
–ü–æ—Å–∏–ª–∞–Ω–Ω—è –Ω–∞ –±–∞–Ω–∫—É —Ç–∞ –Ω–æ–º–µ—Ä –∫–∞—Ä—Ç–∫–∏:
https://linktr.ee/54rubpak
PayPal: rubpak54ombr@gmail.com
‚ù§Ô∏è‚Äçü©π
–©–æ–± –ø—ñ–¥—Ç—Ä–∏–º–∞—Ç–∏ –∑–±—ñ—Ä, –º–æ–∂–Ω–∞ –∑–∞–∫–∏–Ω—É—Ç–∏ 5-10-15 –≥—Ä–∏–≤–µ–Ω—å, –∞–¥–∂–µ –∫–æ–∂–Ω–∞ –≥—Ä–∏–≤–Ω—è –≤–∞–∂–ª–∏–≤–∞
–î—è–∫—É—î–º–æ –∑–∞ –ø—ñ–¥—Ç—Ä–∏–º–∫—É —Ç–∞ –¥–æ–Ω–∞—Ç–∏!",https://t.me/rubpak54/161,0,
post,144,rubpak54,162,,"–ö—Ä–µ–∞—Ç–∏–≤–∏–º–æ, —è–∫ –º–æ–∂–µ–º–æ
üòâ
–•–æ—á–µ—Ç–µ –±—ñ–ª—å—à–µ –¥–æ—Ö–ª–∏—Ö –∫–∞—Ü–∞–ø—ñ–≤? –ü—Ä–∏—î–¥–Ω—É–π—Ç–µ—Å—å –¥–æ –Ω–∞—à–æ–≥–æ –∑–±–æ—Ä—É
üëá
üîó
–ü–æ—Å–∏–ª–∞–Ω–Ω—è –Ω–∞ –±–∞–Ω–∫—É —Ç–∞ –Ω–æ–º–µ—Ä –∫–∞—Ä—Ç–∫–∏:
https://linktr.ee/54rubpak
PayPal: rubpak54ombr@gmail.com
‚ù§Ô∏è‚Äçü©π
–©–æ–± –ø—ñ–¥—Ç—Ä–∏–º–∞—Ç–∏ –∑–±—ñ—Ä, –º–æ–∂–Ω–∞ –∑–∞–∫–∏–Ω—É—Ç–∏ 5-10-15 –≥—Ä–∏–≤–µ–Ω—å, –∞–¥–∂–µ –∫–æ–∂–Ω–∞ –≥—Ä–∏–≤–Ω—è –≤–∞–∂–ª–∏–≤–∞
–î—è–∫—É—î–º–æ –∑–∞ –ø—ñ–¥—Ç—Ä–∏–º–∫—É —Ç–∞ –¥–æ–Ω–∞—Ç–∏!",https://t.me/rubpak54/162,0,
post,145,rubpak54,163,,"–î—É–º–∞–≤, —â–æ —Å—Ö–æ–≤–∞–≤—Å—è –∑–∞ —Å—Ç–æ–≤–ø–æ–º
ü§£
–•–æ—á–µ—Ç–µ –±—ñ–ª—å—à–µ –¥–æ—Ö–ª–∏—Ö –∫–∞—Ü–∞–ø—ñ–≤? –ü—Ä–∏—î–¥–Ω—É–π—Ç–µ—Å—å –¥–æ –Ω–∞—à–æ–≥–æ –∑–±–æ—Ä—É
üëá
üîó
–ü–æ—Å–∏–ª–∞–Ω–Ω—è –Ω–∞ –±–∞–Ω–∫—É —Ç–∞ –Ω–æ–º–µ—Ä –∫–∞—Ä—Ç–∫–∏:
https://linktr.ee/54rubpak
PayPal: rubpak54ombr@gmail.com
‚ù§Ô∏è‚Äçü©π
–©–æ–± –ø—ñ–¥—Ç—Ä–∏–º–∞—Ç–∏ –∑–±—ñ—Ä, –º–æ–∂–Ω–∞ –∑–∞–∫–∏–Ω—É—Ç–∏ 5-10-15 –≥—Ä–∏–≤–µ–Ω—å, –∞–¥–∂–µ –∫–æ–∂–Ω–∞ –≥—Ä–∏–≤–Ω—è –≤–∞–∂–ª–∏–≤–∞
–î—è–∫—É—î–º–æ –∑–∞ –ø—ñ–¥—Ç—Ä–∏–º–∫—É —Ç–∞ –¥–æ–Ω–∞—Ç–∏!",https://t.me/rubpak54/163,0,
post,146,rubpak54,164,,"–¶–ï–ô –ë–ê–¢–ê–õ–¨–ô–û–ù –õ–Ø–ö–ê–Ñ –†–û–°–Ü–Ø–ù –î–û –°–ú–ï–†–¢–Ü! –Ø–∫ –¥—Ä–æ–Ω ""–ö–∞–∂–∞–Ω"" –ü–û–õ–Æ–Ñ –Ω–∞ –û–ö–£–ü–ê–ù–¢–Ü–í —Ç–∞ —ó—Ö–Ω—é —Ç–µ—Ö–Ω—ñ–∫—É
–•–æ—á–µ—Ç–µ –±—ñ–ª—å—à–µ –¥–æ—Ö–ª–∏—Ö –∫–∞—Ü–∞–ø—ñ–≤? –ü—Ä–∏—î–¥–Ω—É–π—Ç–µ—Å—å –¥–æ –Ω–∞—à–æ–≥–æ –∑–±–æ—Ä—É
üëá
üîó
–ü–æ—Å–∏–ª–∞–Ω–Ω—è –Ω–∞ –±–∞–Ω–∫—É —Ç–∞ –Ω–æ–º–µ—Ä –∫–∞—Ä—Ç–∫–∏:
https://linktr.ee/54rubpak
PayPal: rubpak54ombr@gmail.com
‚ù§Ô∏è‚Äçü©π
–©–æ–± –ø—ñ–¥—Ç—Ä–∏–º–∞—Ç–∏ –∑–±—ñ—Ä, –º–æ–∂–Ω–∞ –∑–∞–∫–∏–Ω—É—Ç–∏ 5-10-15 –≥—Ä–∏–≤–µ–Ω—å, –∞–¥–∂–µ –∫–æ–∂–Ω–∞ –≥—Ä–∏–≤–Ω—è –≤–∞–∂–ª–∏–≤–∞
–î—è–∫—É—î–º–æ –∑–∞ –ø—ñ–¥—Ç—Ä–∏–º–∫—É —Ç–∞ –¥–æ–Ω–∞—Ç–∏!",https://t.me/rubpak54/164,0,
post,147,rubpak54,165,,"–ù—ñ—è–∫–∞ –ª—ñ—Ç–Ω—è —Å–ø–µ–∫–∞ –Ω–µ —Å—Ç–∞–Ω–µ –Ω–∞ –∑–∞–≤–∞–¥—ñ –∑—É—Å—Ç—Ä—ñ—á—ñ –æ–∫—É–ø–∞–Ω—Ç—ñ–≤ –∑ –≤–∞—à–∏–º–∏ FPV
–•–æ—á–µ—Ç–µ –±—ñ–ª—å—à–µ –¥–æ—Ö–ª–∏—Ö –∫–∞—Ü–∞–ø—ñ–≤? –ü—Ä–∏—î–¥–Ω—É–π—Ç–µ—Å—å –¥–æ –Ω–∞—à–æ–≥–æ –∑–±–æ—Ä—É
üëá
üîó
–ü–æ—Å–∏–ª–∞–Ω–Ω—è –Ω–∞ –±–∞–Ω–∫—É —Ç–∞ –Ω–æ–º–µ—Ä –∫–∞—Ä—Ç–∫–∏:
https://linktr.ee/54rubpak
PayPal: rubpak54ombr@gmail.com
‚ù§Ô∏è‚Äçü©π
–©–æ–± –ø—ñ–¥—Ç—Ä–∏–º–∞—Ç–∏ –∑–±—ñ—Ä, –º–æ–∂–Ω–∞ –∑–∞–∫–∏–Ω—É—Ç–∏ 5-10-15 –≥—Ä–∏–≤–µ–Ω—å, –∞–¥–∂–µ –∫–æ–∂–Ω–∞ –≥—Ä–∏–≤–Ω—è –≤–∞–∂–ª–∏–≤–∞
–î—è–∫—É—î–º–æ –∑–∞ –ø—ñ–¥—Ç—Ä–∏–º–∫—É —Ç–∞ –¥–æ–Ω–∞—Ç–∏!",https://t.me/rubpak54/165,0,
post,148,rubpak54,166,,"–ê–∞–∞–∞ –ø—á–∏—Ö!
–•–æ—á–µ—Ç–µ –±—ñ–ª—å—à–µ –¥–æ—Ö–ª–∏—Ö –∫–∞—Ü–∞–ø—ñ–≤? –ü—Ä–∏—î–¥–Ω—É–π—Ç–µ—Å—å –¥–æ –Ω–∞—à–æ–≥–æ –∑–±–æ—Ä—É
üëá
üîó
–ü–æ—Å–∏–ª–∞–Ω–Ω—è –Ω–∞ –±–∞–Ω–∫—É —Ç–∞ –Ω–æ–º–µ—Ä –∫–∞—Ä—Ç–∫–∏:
https://linktr.ee/54rubpak
PayPal: rubpak54ombr@gmail.com
‚ù§Ô∏è‚Äçü©π
–©–æ–± –ø—ñ–¥—Ç—Ä–∏–º–∞—Ç–∏ –∑–±—ñ—Ä, –º–æ–∂–Ω–∞ –∑–∞–∫–∏–Ω—É—Ç–∏ 5-10-15 –≥—Ä–∏–≤–µ–Ω—å, –∞–¥–∂–µ –∫–æ–∂–Ω–∞ –≥—Ä–∏–≤–Ω—è –≤–∞–∂–ª–∏–≤–∞
–î—è–∫—É—î–º–æ –∑–∞ –ø—ñ–¥—Ç—Ä–∏–º–∫—É —Ç–∞ –¥–æ–Ω–∞—Ç–∏!",https://t.me/rubpak54/166,0,
post,149,rubpak54,167,,"–ú–∏ –±–∞—á–∏–º–æ –≤—Å—ñ—Ö. –í—ñ–¥ –Ω–∞—Å –Ω–µ —Å—Ö–æ–≤–∞—î—à—Å—è. –ù–∞—Å –Ω–µ —É–Ω–∏–∫–Ω—É—Ç–∏
–•–æ—á–µ—Ç–µ –±—ñ–ª—å—à–µ –¥–æ—Ö–ª–∏—Ö –∫–∞—Ü–∞–ø—ñ–≤? –ü—Ä–∏—î–¥–Ω—É–π—Ç–µ—Å—å –¥–æ –Ω–∞—à–æ–≥–æ –∑–±–æ—Ä—É
üëá
üîó
–ü–æ—Å–∏–ª–∞–Ω–Ω—è –Ω–∞ –±–∞–Ω–∫—É —Ç–∞ –Ω–æ–º–µ—Ä –∫–∞—Ä—Ç–∫–∏:
https://linktr.ee/54rubpak
PayPal: rubpak54ombr@gmail.com
‚ù§Ô∏è‚Äçü©π
–©–æ–± –ø—ñ–¥—Ç—Ä–∏–º–∞—Ç–∏ –∑–±—ñ—Ä, –º–æ–∂–Ω–∞ –∑–∞–∫–∏–Ω—É—Ç–∏ 5-10-15 –≥—Ä–∏–≤–µ–Ω—å, –∞–¥–∂–µ –∫–æ–∂–Ω–∞ –≥—Ä–∏–≤–Ω—è –≤–∞–∂–ª–∏–≤–∞
–î—è–∫—É—î–º–æ –∑–∞ –ø—ñ–¥—Ç—Ä–∏–º–∫—É —Ç–∞ –¥–æ–Ω–∞—Ç–∏!",https://t.me/rubpak54/167,0,
post,150,rubpak54,168,,"–ü–æ–º—Å—Ç–∏–º–æ—Å—è –∑–∞ –∫–æ–∂–Ω—É –¥–∏—Ç–∏–Ω—É, –∫–æ–∂–Ω—É —Å–∫–∞–ª—ñ—á–µ–Ω—É –≤—ñ–π–Ω–æ—é —Ä–æ–¥–∏–Ω—É
ü§¨
–•–æ—á–µ—Ç–µ –±—ñ–ª—å—à–µ –¥–æ—Ö–ª–∏—Ö –∫–∞—Ü–∞–ø—ñ–≤? –ü—Ä–∏—î–¥–Ω—É–π—Ç–µ—Å—å –¥–æ –Ω–∞—à–æ–≥–æ –∑–±–æ—Ä—É
üëá
üîó
–ü–æ—Å–∏–ª–∞–Ω–Ω—è –Ω–∞ –±–∞–Ω–∫—É —Ç–∞ –Ω–æ–º–µ—Ä –∫–∞—Ä—Ç–∫–∏:
https://linktr.ee/54rubpak
PayPal: rubpak54ombr@gmail.com
‚ù§Ô∏è‚Äçü©π
–©–æ–± –ø—ñ–¥—Ç—Ä–∏–º–∞—Ç–∏ –∑–±—ñ—Ä, –º–æ–∂–Ω–∞ –∑–∞–∫–∏–Ω—É—Ç–∏ 5-10-15 –≥—Ä–∏–≤–µ–Ω—å, –∞–¥–∂–µ –∫–æ–∂–Ω–∞ –≥—Ä–∏–≤–Ω—è –≤–∞–∂–ª–∏–≤–∞
–î—è–∫—É—î–º–æ –∑–∞ –ø—ñ–¥—Ç—Ä–∏–º–∫—É —Ç–∞ –¥–æ–Ω–∞—Ç–∏!",https://t.me/rubpak54/168,0,
post,151,rubpak54,169,,"–ù–∞—à–∞ –ø–æ–º—Å—Ç–∞ –±—É–¥–µ –Ω–µ—â–∞–¥–Ω–æ—é!
–•–æ—á–µ—Ç–µ –±—ñ–ª—å—à–µ –¥–æ—Ö–ª–∏—Ö –∫–∞—Ü–∞–ø—ñ–≤? –ü—Ä–∏—î–¥–Ω—É–π—Ç–µ—Å—å –¥–æ –Ω–∞—à–æ–≥–æ –∑–±–æ—Ä—É
üëá
üîó
–ü–æ—Å–∏–ª–∞–Ω–Ω—è –Ω–∞ –±–∞–Ω–∫—É —Ç–∞ –Ω–æ–º–µ—Ä –∫–∞—Ä—Ç–∫–∏:
https://linktr.ee/54rubpak
PayPal: rubpak54ombr@gmail.com
‚ù§Ô∏è‚Äçü©π
–©–æ–± –ø—ñ–¥—Ç—Ä–∏–º–∞—Ç–∏ –∑–±—ñ—Ä, –º–æ–∂–Ω–∞ –∑–∞–∫–∏–Ω—É—Ç–∏ 5-10-15 –≥—Ä–∏–≤–µ–Ω—å, –∞–¥–∂–µ –∫–æ–∂–Ω–∞ –≥—Ä–∏–≤–Ω—è –≤–∞–∂–ª–∏–≤–∞
–î—è–∫—É—î–º–æ –∑–∞ –ø—ñ–¥—Ç—Ä–∏–º–∫—É —Ç–∞ –¥–æ–Ω–∞—Ç–∏!",https://t.me/rubpak54/169,0,
post,152,rubpak54,170,,"–û—Å—Ç–∞–Ω–Ω—è —Ä–µ–∞–∫—Ü—ñ—è –æ—Ä–∫–∞ –ø–µ—Ä–µ–¥ —Å–º–µ—Ä—Ç—é
üòà
–•–æ—á–µ—Ç–µ –±—ñ–ª—å—à–µ –¥–æ—Ö–ª–∏—Ö –∫–∞—Ü–∞–ø—ñ–≤? –ü—Ä–∏—î–¥–Ω—É–π—Ç–µ—Å—å –¥–æ –Ω–∞—à–æ–≥–æ –∑–±–æ—Ä—É
üëá
üîó
–ü–æ—Å–∏–ª–∞–Ω–Ω—è –Ω–∞ –±–∞–Ω–∫—É —Ç–∞ –Ω–æ–º–µ—Ä –∫–∞—Ä—Ç–∫–∏:
https://linktr.ee/54rubpak
PayPal: rubpak54ombr@gmail.com
‚ù§Ô∏è‚Äçü©π
–©–æ–± –ø—ñ–¥—Ç—Ä–∏–º–∞—Ç–∏ –∑–±—ñ—Ä, –º–æ–∂–Ω–∞ –∑–∞–∫–∏–Ω—É—Ç–∏ 5-10-15 –≥—Ä–∏–≤–µ–Ω—å, –∞–¥–∂–µ –∫–æ–∂–Ω–∞ –≥—Ä–∏–≤–Ω—è –≤–∞–∂–ª–∏–≤–∞
–î—è–∫—É—î–º–æ –∑–∞ –ø—ñ–¥—Ç—Ä–∏–º–∫—É —Ç–∞ –¥–æ–Ω–∞—Ç–∏!",https://t.me/rubpak54/170,0,
post,153,rubpak54,171,,"–î–†–û–ù ¬´–ö–ê–ñ–ê–ù¬ª –†–û–ó–ù–û–°–ò–¢–¨ –ë–õ–Ü–ù–î–ê–ñ–Ü –†–û–°–Ü–Ø–ù: –±—ñ–π—Ü—ñ 54 –±—Ä–∏–≥–∞–¥–∏ –ø–æ–∫–∞–∑—É—é—Ç—å –º–∞–π—Å—Ç–µ—Ä–∫–ª–∞—Å –∑—ñ –∑–Ω–∏—â–µ–Ω–Ω—è –æ–∫—É–ø–∞–Ω—Ç—ñ–≤
–•–æ—á–µ—Ç–µ –±—ñ–ª—å—à–µ –¥–æ—Ö–ª–∏—Ö –∫–∞—Ü–∞–ø—ñ–≤? –ü—Ä–∏—î–¥–Ω—É–π—Ç–µ—Å—å –¥–æ –Ω–∞—à–æ–≥–æ –∑–±–æ—Ä—É
üëá
üîó
–ü–æ—Å–∏–ª–∞–Ω–Ω—è –Ω–∞ –±–∞–Ω–∫—É —Ç–∞ –Ω–æ–º–µ—Ä –∫–∞—Ä—Ç–∫–∏:
https://linktr.ee/54rubpak
PayPal: rubpak54ombr@gmail.com
‚ù§Ô∏è‚Äçü©π
–©–æ–± –ø—ñ–¥—Ç—Ä–∏–º–∞—Ç–∏ –∑–±—ñ—Ä, –º–æ–∂–Ω–∞ –∑–∞–∫–∏–Ω—É—Ç–∏ 5-10-15 –≥—Ä–∏–≤–µ–Ω—å, –∞–¥–∂–µ –∫–æ–∂–Ω–∞ –≥—Ä–∏–≤–Ω—è –≤–∞–∂–ª–∏–≤–∞
–î—è–∫—É—î–º–æ –∑–∞ –ø—ñ–¥—Ç—Ä–∏–º–∫—É —Ç–∞ –¥–æ–Ω–∞—Ç–∏!",https://t.me/rubpak54/171,0,
post,154,rubpak54,172,,"–ú–∏ –∂ –ø–æ–ø–µ—Ä–µ–¥–∂–∞–ª–∏, —â–æ –≤—ñ–¥ –Ω–∞—Å –Ω–µ —Å—Ö–æ–≤–∞—î—à—Å—è
üò°
–•–æ—á–µ—Ç–µ –±—ñ–ª—å—à–µ –¥–æ—Ö–ª–∏—Ö –∫–∞—Ü–∞–ø—ñ–≤? –ü—Ä–∏—î–¥–Ω—É–π—Ç–µ—Å—å –¥–æ –Ω–∞—à–æ–≥–æ –∑–±–æ—Ä—É
üëá
üîó
–ü–æ—Å–∏–ª–∞–Ω–Ω—è –Ω–∞ –±–∞–Ω–∫—É —Ç–∞ –Ω–æ–º–µ—Ä –∫–∞—Ä—Ç–∫–∏:
https://linktr.ee/54rubpak
PayPal: rubpak54ombr@gmail.com
‚ù§Ô∏è‚Äçü©π
–©–æ–± –ø—ñ–¥—Ç—Ä–∏–º–∞—Ç–∏ –∑–±—ñ—Ä, –º–æ–∂–Ω–∞ –∑–∞–∫–∏–Ω—É—Ç–∏ 5-10-15 –≥—Ä–∏–≤–µ–Ω—å, –∞–¥–∂–µ –∫–æ–∂–Ω–∞ –≥—Ä–∏–≤–Ω—è –≤–∞–∂–ª–∏–≤–∞
–î—è–∫—É—î–º–æ –∑–∞ –ø—ñ–¥—Ç—Ä–∏–º–∫—É —Ç–∞ –¥–æ–Ω–∞—Ç–∏!",https://t.me/rubpak54/172,0,
post,155,rubpak54,173,,"üòé
üòé
üòé
–•–æ—á–µ—Ç–µ –±—ñ–ª—å—à–µ –¥–æ—Ö–ª–∏—Ö –∫–∞—Ü–∞–ø—ñ–≤? –ü—Ä–∏—î–¥–Ω—É–π—Ç–µ—Å—å –¥–æ –Ω–∞—à–æ–≥–æ –∑–±–æ—Ä—É
üëá
üîó
–ü–æ—Å–∏–ª–∞–Ω–Ω—è –Ω–∞ –±–∞–Ω–∫—É —Ç–∞ –Ω–æ–º–µ—Ä –∫–∞—Ä—Ç–∫–∏:
https://linktr.ee/54rubpak
PayPal: rubpak54ombr@gmail.com
‚ù§Ô∏è‚Äçü©π
–©–æ–± –ø—ñ–¥—Ç—Ä–∏–º–∞—Ç–∏ –∑–±—ñ—Ä, –º–æ–∂–Ω–∞ –∑–∞–∫–∏–Ω—É—Ç–∏ 5-10-15 –≥—Ä–∏–≤–µ–Ω—å, –∞–¥–∂–µ –∫–æ–∂–Ω–∞ –≥—Ä–∏–≤–Ω—è –≤–∞–∂–ª–∏–≤–∞
–î—è–∫—É—î–º–æ –∑–∞ –ø—ñ–¥—Ç—Ä–∏–º–∫—É —Ç–∞ –¥–æ–Ω–∞—Ç–∏!",https://t.me/rubpak54/173,0,
post,156,rubpak54,132,,"–î–ª—è –Ω–∏—Ö —Ü–µ –∑–∞–≤–∂–¥–∏ –Ω–µ—Å–ø–æ–¥—ñ–≤–∞–Ω–∫–∞
üòà
–ó–±–∏—Ä–∞—î–º–æ –Ω–∞ 40 FPV-–¥—Ä–æ–Ω—ñ–≤ –¥–ª—è —â–µ –µ—Ñ–µ–∫—Ç–∏–≤–Ω—ñ—à–æ–≥–æ –∑–Ω–∏—â–µ–Ω–Ω—è –≤–æ—Ä–æ–≥–∞
üëá
üîó
–ü–æ—Å–∏–ª–∞–Ω–Ω—è –Ω–∞ –±–∞–Ω–∫—É —Ç–∞ –Ω–æ–º–µ—Ä –∫–∞—Ä—Ç–∫–∏:
https://linktr.ee/54rubpak
PayPal: rubpak54ombr@gmail.com
‚ù§Ô∏è‚Äçü©π
–©–æ–± –ø—ñ–¥—Ç—Ä–∏–º–∞—Ç–∏ –∑–±—ñ—Ä, –º–æ–∂–Ω–∞ –∑–∞–∫–∏–Ω—É—Ç–∏ 5-10-15 –≥—Ä–∏–≤–µ–Ω—å, –∞–¥–∂–µ –∫–æ–∂–Ω–∞ –≥—Ä–∏–≤–Ω—è –≤–∞–∂–ª–∏–≤–∞
–î—è–∫—É—î–º–æ –∑–∞ –ø—ñ–¥—Ç—Ä–∏–º–∫—É —Ç–∞ –¥–æ–Ω–∞—Ç–∏!",https://t.me/rubpak54/132,1,
post,157,rubpak54,133,,"–ù–µ –≤—Ç–æ–º–ª—é—î–º–æ—Å—å –¥—è–∫—É–≤–∞—Ç–∏ –≤–∞–º - –ú–∏—Å–ª–∏–≤—Ü—ñ –Ω–∞ –æ—Ä–∫—ñ–≤
üôè
–ó–±–∏—Ä–∞—î–º–æ –Ω–∞ 40 FPV-–¥—Ä–æ–Ω—ñ–≤ –¥–ª—è —â–µ –µ—Ñ–µ–∫—Ç–∏–≤–Ω—ñ—à–æ–≥–æ –∑–Ω–∏—â–µ–Ω–Ω—è –≤–æ—Ä–æ–≥–∞
üëá
üîó
–ü–æ—Å–∏–ª–∞–Ω–Ω—è –Ω–∞ –±–∞–Ω–∫—É —Ç–∞ –Ω–æ–º–µ—Ä –∫–∞—Ä—Ç–∫–∏:
https://linktr.ee/54rubpak
PayPal: rubpak54ombr@gmail.com
‚ù§Ô∏è‚Äçü©π
–©–æ–± –ø—ñ–¥—Ç—Ä–∏–º–∞—Ç–∏ –∑–±—ñ—Ä, –º–æ–∂–Ω–∞ –∑–∞–∫–∏–Ω—É—Ç–∏ 5-10-15 –≥—Ä–∏–≤–µ–Ω—å, –∞–¥–∂–µ –∫–æ–∂–Ω–∞ –≥—Ä–∏–≤–Ω—è –≤–∞–∂–ª–∏–≤–∞
–î—è–∫—É—î–º–æ –∑–∞ –ø—ñ–¥—Ç—Ä–∏–º–∫—É —Ç–∞ –¥–æ–Ω–∞—Ç–∏!",https://t.me/rubpak54/133,0,
post,158,rubpak54,134,,"–ë–µ–∑–º–µ–∂–Ω–æ –≤–¥—è—á–Ω—ñ –ø–∞–Ω–æ–≤—ñ –°—Ç–µ—Ä–Ω–µ–Ω–∫–æ –∑–∞ 50 FPV
ü´°
–ó–±–∏—Ä–∞—î–º–æ –Ω–∞ 40 FPV-–¥—Ä–æ–Ω—ñ–≤ –¥–ª—è —â–µ –µ—Ñ–µ–∫—Ç–∏–≤–Ω—ñ—à–æ–≥–æ –∑–Ω–∏—â–µ–Ω–Ω—è –≤–æ—Ä–æ–≥–∞
üëá
üîó
–ü–æ—Å–∏–ª–∞–Ω–Ω—è –Ω–∞ –±–∞–Ω–∫—É —Ç–∞ –Ω–æ–º–µ—Ä –∫–∞—Ä—Ç–∫–∏:
https://linktr.ee/54rubpak
PayPal: rubpak54ombr@gmail.com
‚ù§Ô∏è‚Äçü©π
–©–æ–± –ø—ñ–¥—Ç—Ä–∏–º–∞—Ç–∏ –∑–±—ñ—Ä, –º–æ–∂–Ω–∞ –∑–∞–∫–∏–Ω—É—Ç–∏ 5-10-15 –≥—Ä–∏–≤–µ–Ω—å, –∞–¥–∂–µ –∫–æ–∂–Ω–∞ –≥—Ä–∏–≤–Ω—è –≤–∞–∂–ª–∏–≤–∞
–î—è–∫—É—î–º–æ –∑–∞ –ø—ñ–¥—Ç—Ä–∏–º–∫—É —Ç–∞ –¥–æ–Ω–∞—Ç–∏!",https://t.me/rubpak54/134,0,
post,159,rubpak54,135,,"–°–≤—è—Ç–∫–æ–≤–µ –ø–æ–ª—é–≤–∞–Ω–Ω—è –Ω–∞ —Ä—É—Å–Ω—é –≤ —á–µ—Å—Ç—å –ø–µ—Ä–µ—Ç–≤–æ—Ä–µ–Ω–Ω—è –Ω–∞—à–æ—ó —Ä–æ—Ç–∏ —É –±–∞—Ç–∞–ª—å–π–æ–Ω
ü•≥
–ó–±–∏—Ä–∞—î–º–æ –Ω–∞ 40 FPV-–¥—Ä–æ–Ω—ñ–≤ –¥–ª—è —â–µ –µ—Ñ–µ–∫—Ç–∏–≤–Ω—ñ—à–æ–≥–æ –∑–Ω–∏—â–µ–Ω–Ω—è –≤–æ—Ä–æ–≥–∞
üëá
üîó
–ü–æ—Å–∏–ª–∞–Ω–Ω—è –Ω–∞ –±–∞–Ω–∫—É —Ç–∞ –Ω–æ–º–µ—Ä –∫–∞—Ä—Ç–∫–∏:
https://linktr.ee/54rubpak
PayPal: rubpak54ombr@gmail.com
‚ù§Ô∏è‚Äçü©π
–©–æ–± –ø—ñ–¥—Ç—Ä–∏–º–∞—Ç–∏ –∑–±—ñ—Ä, –º–æ–∂–Ω–∞ –∑–∞–∫–∏–Ω—É—Ç–∏ 5-10-15 –≥—Ä–∏–≤–µ–Ω—å, –∞–¥–∂–µ –∫–æ–∂–Ω–∞ –≥—Ä–∏–≤–Ω—è –≤–∞–∂–ª–∏–≤–∞
–î—è–∫—É—î–º–æ –∑–∞ –ø—ñ–¥—Ç—Ä–∏–º–∫—É —Ç–∞ –¥–æ–Ω–∞—Ç–∏!",https://t.me/rubpak54/135,0,
post,161,rubpak54,137,,"–¢—ñ–ª—å–∫–∏ –ø—ñ–¥ —Ç–∞–∫—ñ —Ç—Ä–µ–∫–∏ —ñ –ø—Ä–∞—Ü—é—î–º–æ
üòé
–ó–±–∏—Ä–∞—î–º–æ –Ω–∞ 40 FPV-–¥—Ä–æ–Ω—ñ–≤ –¥–ª—è —â–µ –µ—Ñ–µ–∫—Ç–∏–≤–Ω—ñ—à–æ–≥–æ –∑–Ω–∏—â–µ–Ω–Ω—è –≤–æ—Ä–æ–≥–∞
üëá
üîó
–ü–æ—Å–∏–ª–∞–Ω–Ω—è –Ω–∞ –±–∞–Ω–∫—É —Ç–∞ –Ω–æ–º–µ—Ä –∫–∞—Ä—Ç–∫–∏:
https://linktr.ee/54rubpak
PayPal: rubpak54ombr@gmail.com
‚ù§Ô∏è‚Äçü©π
–©–æ–± –ø—ñ–¥—Ç—Ä–∏–º–∞—Ç–∏ –∑–±—ñ—Ä, –º–æ–∂–Ω–∞ –∑–∞–∫–∏–Ω—É—Ç–∏ 5-10-15 –≥—Ä–∏–≤–µ–Ω—å, –∞–¥–∂–µ –∫–æ–∂–Ω–∞ –≥—Ä–∏–≤–Ω—è –≤–∞–∂–ª–∏–≤–∞
–î—è–∫—É—î–º–æ –∑–∞ –ø—ñ–¥—Ç—Ä–∏–º–∫—É —Ç–∞ –¥–æ–Ω–∞—Ç–∏!",https://t.me/rubpak54/137,0,
post,162,rubpak54,138,,"–î—è–∫—É—î–º–æ —É—á–Ω—è–º 160 –ª—ñ—Ü–µ—é –º—ñ—Å—Ç–∞ –•–∞—Ä–∫–æ–≤–∞!
–ó–±–∏—Ä–∞—î–º–æ –Ω–∞ 40 FPV-–¥—Ä–æ–Ω—ñ–≤ –¥–ª—è —â–µ –µ—Ñ–µ–∫—Ç–∏–≤–Ω—ñ—à–æ–≥–æ –∑–Ω–∏—â–µ–Ω–Ω—è –≤–æ—Ä–æ–≥–∞
üëá
üîó
–ü–æ—Å–∏–ª–∞–Ω–Ω—è –Ω–∞ –±–∞–Ω–∫—É —Ç–∞ –Ω–æ–º–µ—Ä –∫–∞—Ä—Ç–∫–∏:
https://linktr.ee/54rubpak
PayPal: rubpak54ombr@gmail.com
‚ù§Ô∏è‚Äçü©π
–©–æ–± –ø—ñ–¥—Ç—Ä–∏–º–∞—Ç–∏ –∑–±—ñ—Ä, –º–æ–∂–Ω–∞ –∑–∞–∫–∏–Ω—É—Ç–∏ 5-10-15 –≥—Ä–∏–≤–µ–Ω—å, –∞–¥–∂–µ –∫–æ–∂–Ω–∞ –≥—Ä–∏–≤–Ω—è –≤–∞–∂–ª–∏–≤–∞
–î—è–∫—É—î–º–æ –∑–∞ –ø—ñ–¥—Ç—Ä–∏–º–∫—É —Ç–∞ –¥–æ–Ω–∞—Ç–∏!",https://t.me/rubpak54/138,0,
post,163,rubpak54,139,,"–ö–æ–ª–∏ –ø–æ–±—Ä–∞—Ç–∏–º —Ö–∏–∑—É—î—Ç—å—Å—è –Ω–∞—Å–ª—ñ–¥–∫–∞–º–∏ —Ä–æ–±–æ—Ç–∏ FPV –ø–æ –∂–∏–≤—ñ–π —Å–∏–ª—ñ –ø—Ä–æ—Ç–∏–≤–Ω–∏–∫–∞
–ó–±–∏—Ä–∞—î–º–æ –Ω–∞ 40 FPV-–¥—Ä–æ–Ω—ñ–≤ –¥–ª—è —â–µ –µ—Ñ–µ–∫—Ç–∏–≤–Ω—ñ—à–æ–≥–æ –∑–Ω–∏—â–µ–Ω–Ω—è –≤–æ—Ä–æ–≥–∞
üëá
üîó
–ü–æ—Å–∏–ª–∞–Ω–Ω—è –Ω–∞ –±–∞–Ω–∫—É —Ç–∞ –Ω–æ–º–µ—Ä –∫–∞—Ä—Ç–∫–∏:
https://linktr.ee/54rubpak
PayPal: rubpak54ombr@gmail.com
‚ù§Ô∏è‚Äçü©π
–©–æ–± –ø—ñ–¥—Ç—Ä–∏–º–∞—Ç–∏ –∑–±—ñ—Ä, –º–æ–∂–Ω–∞ –∑–∞–∫–∏–Ω—É—Ç–∏ 5-10-15 –≥—Ä–∏–≤–µ–Ω—å, –∞–¥–∂–µ –∫–æ–∂–Ω–∞ –≥—Ä–∏–≤–Ω—è –≤–∞–∂–ª–∏–≤–∞
–î—è–∫—É—î–º–æ –∑–∞ –ø—ñ–¥—Ç—Ä–∏–º–∫—É —Ç–∞ –¥–æ–Ω–∞—Ç–∏!",https://t.me/rubpak54/139,0,
post,164,rubpak54,140,,"–ó–∞—á–µ–∫–∞–ª–∏—Å—å
üòà
–ó–±–∏—Ä–∞—î–º–æ –Ω–∞ 40 FPV-–¥—Ä–æ–Ω—ñ–≤ –¥–ª—è —â–µ –µ—Ñ–µ–∫—Ç–∏–≤–Ω—ñ—à–æ–≥–æ –∑–Ω–∏—â–µ–Ω–Ω—è –≤–æ—Ä–æ–≥–∞
üëá
üîó
–ü–æ—Å–∏–ª–∞–Ω–Ω—è –Ω–∞ –±–∞–Ω–∫—É —Ç–∞ –Ω–æ–º–µ—Ä –∫–∞—Ä—Ç–∫–∏:
https://linktr.ee/54rubpak
PayPal: rubpak54ombr@gmail.com
‚ù§Ô∏è‚Äçü©π
–©–æ–± –ø—ñ–¥—Ç—Ä–∏–º–∞—Ç–∏ –∑–±—ñ—Ä, –º–æ–∂–Ω–∞ –∑–∞–∫–∏–Ω—É—Ç–∏ 5-10-15 –≥—Ä–∏–≤–µ–Ω—å, –∞–¥–∂–µ –∫–æ–∂–Ω–∞ –≥—Ä–∏–≤–Ω—è –≤–∞–∂–ª–∏–≤–∞
–î—è–∫—É—î–º–æ –∑–∞ –ø—ñ–¥—Ç—Ä–∏–º–∫—É —Ç–∞ –¥–æ–Ω–∞—Ç–∏!",https://t.me/rubpak54/140,0,
post,165,rubpak54,141,,"–ö—Ä–∞—Å–∏–≤–æ –Ω–∏—â–∏–º–æ —Ä—É—Å–Ω—é –≤–∞—à–∏–º–∏ FPV
üî•
–•–æ—á–µ—Ç–µ –±—ñ–ª—å—à–µ –¥–æ—Ö–ª–∏—Ö –∫–∞—Ü–∞–ø—ñ–≤? –ü—Ä–∏—î–¥–Ω—É–π—Ç–µ—Å—å –¥–æ –Ω–∞—à–æ–≥–æ –∑–±–æ—Ä—É
üëá
üîó
–ü–æ—Å–∏–ª–∞–Ω–Ω—è –Ω–∞ –±–∞–Ω–∫—É —Ç–∞ –Ω–æ–º–µ—Ä –∫–∞—Ä—Ç–∫–∏:
https://linktr.ee/54rubpak
PayPal: rubpak54ombr@gmail.com
‚ù§Ô∏è‚Äçü©π
–©–æ–± –ø—ñ–¥—Ç—Ä–∏–º–∞—Ç–∏ –∑–±—ñ—Ä, –º–æ–∂–Ω–∞ –∑–∞–∫–∏–Ω—É—Ç–∏ 5-10-15 –≥—Ä–∏–≤–µ–Ω—å, –∞–¥–∂–µ –∫–æ–∂–Ω–∞ –≥—Ä–∏–≤–Ω—è –≤–∞–∂–ª–∏–≤–∞
–î—è–∫—É—î–º–æ –∑–∞ –ø—ñ–¥—Ç—Ä–∏–º–∫—É —Ç–∞ –¥–æ–Ω–∞—Ç–∏!",https://t.me/rubpak54/141,0,
post,166,rubpak54,142,,"–ß–µ—Ä–≥–æ–≤–∞ –ø–æ—Ä—Ü—ñ—è –¥–æ—Ö–ª–æ—ó —Ä—É—Å–Ω—ñ –¥–ª—è –≤–∞—à–æ–≥–æ –∑–∞–¥–æ–≤–æ–ª–µ–Ω–Ω—è
üòà
–•–æ—á–µ—Ç–µ –±—ñ–ª—å—à–µ –¥–æ—Ö–ª–∏—Ö –∫–∞—Ü–∞–ø—ñ–≤? –ü—Ä–∏—î–¥–Ω—É–π—Ç–µ—Å—å –¥–æ –Ω–∞—à–æ–≥–æ –∑–±–æ—Ä—É
üëá
üîó
–ü–æ—Å–∏–ª–∞–Ω–Ω—è –Ω–∞ –±–∞–Ω–∫—É —Ç–∞ –Ω–æ–º–µ—Ä –∫–∞—Ä—Ç–∫–∏:
https://linktr.ee/54rubpak
PayPal: rubpak54ombr@gmail.com
‚ù§Ô∏è‚Äçü©π
–©–æ–± –ø—ñ–¥—Ç—Ä–∏–º–∞—Ç–∏ –∑–±—ñ—Ä, –º–æ–∂–Ω–∞ –∑–∞–∫–∏–Ω—É—Ç–∏ 5-10-15 –≥—Ä–∏–≤–µ–Ω—å, –∞–¥–∂–µ –∫–æ–∂–Ω–∞ –≥—Ä–∏–≤–Ω—è –≤–∞–∂–ª–∏–≤–∞
–î—è–∫—É—î–º–æ –∑–∞ –ø—ñ–¥—Ç—Ä–∏–º–∫—É —Ç–∞ –¥–æ–Ω–∞—Ç–∏!",https://t.me/rubpak54/142,0,
post,167,rubpak54,143,,"–≤–æ—Ä–æ–≥ –ø—É—Å–∫–∞—î —Å–∞–ª—é—Ç–∏ –Ω–∞ —á–µ—Å—Ç—å –≤–∞—à–∏—Ö FPV
üéÜ
–•–æ—á–µ—Ç–µ –±—ñ–ª—å—à–µ –¥–æ—Ö–ª–∏—Ö –∫–∞—Ü–∞–ø—ñ–≤? –ü—Ä–∏—î–¥–Ω—É–π—Ç–µ—Å—å –¥–æ –Ω–∞—à–æ–≥–æ –∑–±–æ—Ä—É
üëá
üîó
–ü–æ—Å–∏–ª–∞–Ω–Ω—è –Ω–∞ –±–∞–Ω–∫—É —Ç–∞ –Ω–æ–º–µ—Ä –∫–∞—Ä—Ç–∫–∏:
https://linktr.ee/54rubpak
PayPal: rubpak54ombr@gmail.com
‚ù§Ô∏è‚Äçü©π
–©–æ–± –ø—ñ–¥—Ç—Ä–∏–º–∞—Ç–∏ –∑–±—ñ—Ä, –º–æ–∂–Ω–∞ –∑–∞–∫–∏–Ω—É—Ç–∏ 5-10-15 –≥—Ä–∏–≤–µ–Ω—å, –∞–¥–∂–µ –∫–æ–∂–Ω–∞ –≥—Ä–∏–≤–Ω—è –≤–∞–∂–ª–∏–≤–∞
–î—è–∫—É—î–º–æ –∑–∞ –ø—ñ–¥—Ç—Ä–∏–º–∫—É —Ç–∞ –¥–æ–Ω–∞—Ç–∏!",https://t.me/rubpak54/143,0,
post,168,rubpak54,144,,"–ë–∞—Ç–∞–ª—å–π–æ–Ω –±–µ–∑–ø—ñ–ª–æ—Ç–Ω–∏—Ö —Å–∏—Å—Ç–µ–º –ù–µ–±–µ—Å–Ω–∞ –ö–∞—Ä–∞ 54 –û–ú–ë—Ä
–•–æ—á–µ—Ç–µ –±—ñ–ª—å—à–µ –¥–æ—Ö–ª–∏—Ö –∫–∞—Ü–∞–ø—ñ–≤? –ü—Ä–∏—î–¥–Ω—É–π—Ç–µ—Å—å –¥–æ –Ω–∞—à–æ–≥–æ –∑–±–æ—Ä—É
üëá
üîó
–ü–æ—Å–∏–ª–∞–Ω–Ω—è –Ω–∞ –±–∞–Ω–∫—É —Ç–∞ –Ω–æ–º–µ—Ä –∫–∞—Ä—Ç–∫–∏:
https://linktr.ee/54rubpak
PayPal: rubpak54ombr@gmail.com
‚ù§Ô∏è‚Äçü©π
–©–æ–± –ø—ñ–¥—Ç—Ä–∏–º–∞—Ç–∏ –∑–±—ñ—Ä, –º–æ–∂–Ω–∞ –∑–∞–∫–∏–Ω—É—Ç–∏ 5-10-15 –≥—Ä–∏–≤–µ–Ω—å, –∞–¥–∂–µ –∫–æ–∂–Ω–∞ –≥—Ä–∏–≤–Ω—è –≤–∞–∂–ª–∏–≤–∞
–î—è–∫—É—î–º–æ –∑–∞ –ø—ñ–¥—Ç—Ä–∏–º–∫—É —Ç–∞ –¥–æ–Ω–∞—Ç–∏!",https://t.me/rubpak54/144,0,
post,170,rubpak54,147,,"–û–±—Ä–æ–±–ª—è—î–º–æ –∑–µ–º–ª—é –≤—ñ–¥ –∫–æ–ª–æ—Ä–∞–¥—ñ–≤
ü™≤
–•–æ—á–µ—Ç–µ –±—ñ–ª—å—à–µ –¥–æ—Ö–ª–∏—Ö –∫–∞—Ü–∞–ø—ñ–≤? –ü—Ä–∏—î–¥–Ω—É–π—Ç–µ—Å—å –¥–æ –Ω–∞—à–æ–≥–æ –∑–±–æ—Ä—É
üëá
üîó
–ü–æ—Å–∏–ª–∞–Ω–Ω—è –Ω–∞ –±–∞–Ω–∫—É —Ç–∞ –Ω–æ–º–µ—Ä –∫–∞—Ä—Ç–∫–∏:
https://linktr.ee/54rubpak
PayPal: rubpak54ombr@gmail.com
‚ù§Ô∏è‚Äçü©π
–©–æ–± –ø—ñ–¥—Ç—Ä–∏–º–∞—Ç–∏ –∑–±—ñ—Ä, –º–æ–∂–Ω–∞ –∑–∞–∫–∏–Ω—É—Ç–∏ 5-10-15 –≥—Ä–∏–≤–µ–Ω—å, –∞–¥–∂–µ –∫–æ–∂–Ω–∞ –≥—Ä–∏–≤–Ω—è –≤–∞–∂–ª–∏–≤–∞
–î—è–∫—É—î–º–æ –∑–∞ –ø—ñ–¥—Ç—Ä–∏–º–∫—É —Ç–∞ –¥–æ–Ω–∞—Ç–∏!",https://t.me/rubpak54/147,0,
post,171,rubpak54,148,,"–î—è–∫—É—î–º–æ –∑–∞ 21 FPV-–¥—Ä–æ–Ω!
–•–æ—á–µ—Ç–µ –±—ñ–ª—å—à–µ –¥–æ—Ö–ª–∏—Ö –∫–∞—Ü–∞–ø—ñ–≤? –ü—Ä–∏—î–¥–Ω—É–π—Ç–µ—Å—å –¥–æ –Ω–∞—à–æ–≥–æ –∑–±–æ—Ä—É
üëá
üîó
–ü–æ—Å–∏–ª–∞–Ω–Ω—è –Ω–∞ –±–∞–Ω–∫—É —Ç–∞ –Ω–æ–º–µ—Ä –∫–∞—Ä—Ç–∫–∏:
https://linktr.ee/54rubpak
PayPal: rubpak54ombr@gmail.com
‚ù§Ô∏è‚Äçü©π
–©–æ–± –ø—ñ–¥—Ç—Ä–∏–º–∞—Ç–∏ –∑–±—ñ—Ä, –º–æ–∂–Ω–∞ –∑–∞–∫–∏–Ω—É—Ç–∏ 5-10-15 –≥—Ä–∏–≤–µ–Ω—å, –∞–¥–∂–µ –∫–æ–∂–Ω–∞ –≥—Ä–∏–≤–Ω—è –≤–∞–∂–ª–∏–≤–∞
–î—è–∫—É—î–º–æ –∑–∞ –ø—ñ–¥—Ç—Ä–∏–º–∫—É —Ç–∞ –¥–æ–Ω–∞—Ç–∏!",https://t.me/rubpak54/148,0,
post,172,rubpak54,149,,"–†–æ–±–∏–º–æ –∑ —Ä—É—Å–Ω—ñ —à–∫–≤–∞—Ä–∫–∏ –≤–∞—à–∏–º–∏ FPV
–•–æ—á–µ—Ç–µ –±—ñ–ª—å—à–µ –¥–æ—Ö–ª–∏—Ö –∫–∞—Ü–∞–ø—ñ–≤? –ü—Ä–∏—î–¥–Ω—É–π—Ç–µ—Å—å –¥–æ –Ω–∞—à–æ–≥–æ –∑–±–æ—Ä—É
üëá
üîó
–ü–æ—Å–∏–ª–∞–Ω–Ω—è –Ω–∞ –±–∞–Ω–∫—É —Ç–∞ –Ω–æ–º–µ—Ä –∫–∞—Ä—Ç–∫–∏:
https://linktr.ee/54rubpak
PayPal: rubpak54ombr@gmail.com
‚ù§Ô∏è‚Äçü©π
–©–æ–± –ø—ñ–¥—Ç—Ä–∏–º–∞—Ç–∏ –∑–±—ñ—Ä, –º–æ–∂–Ω–∞ –∑–∞–∫–∏–Ω—É—Ç–∏ 5-10-15 –≥—Ä–∏–≤–µ–Ω—å, –∞–¥–∂–µ –∫–æ–∂–Ω–∞ –≥—Ä–∏–≤–Ω—è –≤–∞–∂–ª–∏–≤–∞
–î—è–∫—É—î–º–æ –∑–∞ –ø—ñ–¥—Ç—Ä–∏–º–∫—É —Ç–∞ –¥–æ–Ω–∞—Ç–∏!",https://t.me/rubpak54/149,0,
post,173,rubpak54,150,,"–í—ñ–¥ –Ω–∞—Å –Ω–µ —Å—Ö–æ–≤–∞—î—à—Å—è
üòà
–•–æ—á–µ—Ç–µ –±—ñ–ª—å—à–µ –¥–æ—Ö–ª–∏—Ö –∫–∞—Ü–∞–ø—ñ–≤? –ü—Ä–∏—î–¥–Ω—É–π—Ç–µ—Å—å –¥–æ –Ω–∞—à–æ–≥–æ –∑–±–æ—Ä—É
üëá
üîó
–ü–æ—Å–∏–ª–∞–Ω–Ω—è –Ω–∞ –±–∞–Ω–∫—É —Ç–∞ –Ω–æ–º–µ—Ä –∫–∞—Ä—Ç–∫–∏:
https://linktr.ee/54rubpak
PayPal: rubpak54ombr@gmail.com
‚ù§Ô∏è‚Äçü©π
–©–æ–± –ø—ñ–¥—Ç—Ä–∏–º–∞—Ç–∏ –∑–±—ñ—Ä, –º–æ–∂–Ω–∞ –∑–∞–∫–∏–Ω—É—Ç–∏ 5-10-15 –≥—Ä–∏–≤–µ–Ω—å, –∞–¥–∂–µ –∫–æ–∂–Ω–∞ –≥—Ä–∏–≤–Ω—è –≤–∞–∂–ª–∏–≤–∞
–î—è–∫—É—î–º–æ –∑–∞ –ø—ñ–¥—Ç—Ä–∏–º–∫—É —Ç–∞ –¥–æ–Ω–∞—Ç–∏!",https://t.me/rubpak54/150,0,
post,174,rubpak54,151,,"–¢–∞ –Ω–µ –±—É–ª–æ —Ç–∞–º –Ω—ñ–∫–æ–≥–æ, —Ç—ñ–ª—å–∫–∏ –∫—É–ø–∞ –ª–∞–π–Ω–∞
üí©
–•–æ—á–µ—Ç–µ –±—ñ–ª—å—à–µ –¥–æ—Ö–ª–∏—Ö –∫–∞—Ü–∞–ø—ñ–≤? –ü—Ä–∏—î–¥–Ω—É–π—Ç–µ—Å—å –¥–æ –Ω–∞—à–æ–≥–æ –∑–±–æ—Ä—É
üëá
üîó
–ü–æ—Å–∏–ª–∞–Ω–Ω—è –Ω–∞ –±–∞–Ω–∫—É —Ç–∞ –Ω–æ–º–µ—Ä –∫–∞—Ä—Ç–∫–∏:
https://linktr.ee/54rubpak
PayPal: rubpak54ombr@gmail.com
‚ù§Ô∏è‚Äçü©π
–©–æ–± –ø—ñ–¥—Ç—Ä–∏–º–∞—Ç–∏ –∑–±—ñ—Ä, –º–æ–∂–Ω–∞ –∑–∞–∫–∏–Ω—É—Ç–∏ 5-10-15 –≥—Ä–∏–≤–µ–Ω—å, –∞–¥–∂–µ –∫–æ–∂–Ω–∞ –≥—Ä–∏–≤–Ω—è –≤–∞–∂–ª–∏–≤–∞
–î—è–∫—É—î–º–æ –∑–∞ –ø—ñ–¥—Ç—Ä–∏–º–∫—É —Ç–∞ –¥–æ–Ω–∞—Ç–∏!",https://t.me/rubpak54/151,0,
post,175,rubpak54,152,,"–ß–∏—Å—Ç–∏–º–æ –Ω–æ—Ä–∏ –≤—ñ–¥ —à–∫—ñ–¥–Ω–∏–∫—ñ–≤ —ñ –Ω–µ —Ç—ñ–ª—å–∫–∏
üí•
–•–æ—á–µ—Ç–µ –±—ñ–ª—å—à–µ –¥–æ—Ö–ª–∏—Ö –∫–∞—Ü–∞–ø—ñ–≤? –ü—Ä–∏—î–¥–Ω—É–π—Ç–µ—Å—å –¥–æ –Ω–∞—à–æ–≥–æ –∑–±–æ—Ä—É
üëá
üîó
–ü–æ—Å–∏–ª–∞–Ω–Ω—è –Ω–∞ –±–∞–Ω–∫—É —Ç–∞ –Ω–æ–º–µ—Ä –∫–∞—Ä—Ç–∫–∏:
https://linktr.ee/54rubpak
PayPal: rubpak54ombr@gmail.com
‚ù§Ô∏è‚Äçü©π
–©–æ–± –ø—ñ–¥—Ç—Ä–∏–º–∞—Ç–∏ –∑–±—ñ—Ä, –º–æ–∂–Ω–∞ –∑–∞–∫–∏–Ω—É—Ç–∏ 5-10-15 –≥—Ä–∏–≤–µ–Ω—å, –∞–¥–∂–µ –∫–æ–∂–Ω–∞ –≥—Ä–∏–≤–Ω—è –≤–∞–∂–ª–∏–≤–∞
–î—è–∫—É—î–º–æ –∑–∞ –ø—ñ–¥—Ç—Ä–∏–º–∫—É —Ç–∞ –¥–æ–Ω–∞—Ç–∏!",https://t.me/rubpak54/152,0,
post,176,rubpak54,112,,"–ê –∑ —á–æ–≥–æ –ø–æ—á–∏–Ω–∞—î—Ç—å—Å—è –≤–∞—à —Ä–∞–Ω–æ–∫
üåÖ
‚ò∫Ô∏è
?
–ó–±–∏—Ä–∞—î–º–æ –Ω–∞ 20 FPV-–¥—Ä–æ–Ω—ñ–≤ –¥–ª—è —â–µ –µ—Ñ–µ–∫—Ç–∏–≤–Ω—ñ—à–æ–≥–æ –∑–Ω–∏—â–µ–Ω–Ω—è –≤–æ—Ä–æ–≥–∞
üëá
üîó
–ü–æ—Å–∏–ª–∞–Ω–Ω—è –Ω–∞ –±–∞–Ω–∫—É —Ç–∞ –Ω–æ–º–µ—Ä –∫–∞—Ä—Ç–∫–∏:
https://linktr.ee/54rubpak
PayPal: rubpak54ombr@gmail.com
‚ù§Ô∏è‚Äçü©π
–©–æ–± –ø—ñ–¥—Ç—Ä–∏–º–∞—Ç–∏ –∑–±—ñ—Ä, –º–æ–∂–Ω–∞ –∑–∞–∫–∏–Ω—É—Ç–∏ 5-10-15 –≥—Ä–∏–≤–µ–Ω—å, –∞–¥–∂–µ –∫–æ–∂–Ω–∞ –≥—Ä–∏–≤–Ω—è –≤–∞–∂–ª–∏–≤–∞
–î—è–∫—É—î–º–æ –∑–∞ –ø—ñ–¥—Ç—Ä–∏–º–∫—É —Ç–∞ –¥–æ–Ω–∞—Ç–∏!",https://t.me/rubpak54/112,0,
post,177,rubpak54,113,,"–°—Ç–æ—è—Ç–∏–º–µ–º–æ –¥–æ –ü–µ—Ä–µ–º–æ–≥–∏!
–ó–±–∏—Ä–∞—î–º–æ –Ω–∞ 20 FPV-–¥—Ä–æ–Ω—ñ–≤ –¥–ª—è —â–µ –µ—Ñ–µ–∫—Ç–∏–≤–Ω—ñ—à–æ–≥–æ –∑–Ω–∏—â–µ–Ω–Ω—è –≤–æ—Ä–æ–≥–∞
üëá
üîó
–ü–æ—Å–∏–ª–∞–Ω–Ω—è –Ω–∞ –±–∞–Ω–∫—É —Ç–∞ –Ω–æ–º–µ—Ä –∫–∞—Ä—Ç–∫–∏:
https://linktr.ee/54rubpak
PayPal: rubpak54ombr@gmail.com
‚ù§Ô∏è‚Äçü©π
–©–æ–± –ø—ñ–¥—Ç—Ä–∏–º–∞—Ç–∏ –∑–±—ñ—Ä, –º–æ–∂–Ω–∞ –∑–∞–∫–∏–Ω—É—Ç–∏ 5-10-15 –≥—Ä–∏–≤–µ–Ω—å, –∞–¥–∂–µ –∫–æ–∂–Ω–∞ –≥—Ä–∏–≤–Ω—è –≤–∞–∂–ª–∏–≤–∞
–î—è–∫—É—î–º–æ –∑–∞ –ø—ñ–¥—Ç—Ä–∏–º–∫—É —Ç–∞ –¥–æ–Ω–∞—Ç–∏!",https://t.me/rubpak54/113,0,
post,178,rubpak54,114,,"–©–æ –∂ —É —Ç–æ–º—É —á–æ—Ä–Ω–æ–º—É —è—â–∏–∫—É?
ü§î
–ó–±–∏—Ä–∞—î–º–æ –Ω–∞ 20 FPV-–¥—Ä–æ–Ω—ñ–≤ –¥–ª—è —â–µ –µ—Ñ–µ–∫—Ç–∏–≤–Ω—ñ—à–æ–≥–æ –∑–Ω–∏—â–µ–Ω–Ω—è –≤–æ—Ä–æ–≥–∞
üëá
üîó
–ü–æ—Å–∏–ª–∞–Ω–Ω—è –Ω–∞ –±–∞–Ω–∫—É —Ç–∞ –Ω–æ–º–µ—Ä –∫–∞—Ä—Ç–∫–∏:
https://linktr.ee/54rubpak
PayPal: rubpak54ombr@gmail.com
‚ù§Ô∏è‚Äçü©π
–©–æ–± –ø—ñ–¥—Ç—Ä–∏–º–∞—Ç–∏ –∑–±—ñ—Ä, –º–æ–∂–Ω–∞ –∑–∞–∫–∏–Ω—É—Ç–∏ 5-10-15 –≥—Ä–∏–≤–µ–Ω—å, –∞–¥–∂–µ –∫–æ–∂–Ω–∞ –≥—Ä–∏–≤–Ω—è –≤–∞–∂–ª–∏–≤–∞
–î—è–∫—É—î–º–æ –∑–∞ –ø—ñ–¥—Ç—Ä–∏–º–∫—É —Ç–∞ –¥–æ–Ω–∞—Ç–∏!",https://t.me/rubpak54/114,0,
